id,age,gender,rt,aut.flexibility.1,aut.flexibility.2,aut.flexibility,aut.originality.1,aut.originality.2,aut.originality,aut.fluency.1,aut.fluency.2,aut.fluency,bag.appropriateness.1,bag.appropriateness.2,bag.appropriateness,dat,valids,word.1,word.2,word.3,word.4,word.5,word.6,word.7,word.8,word.9,word.10,text,DSI_ukwac,DSI_subtitle,DSI_baroni,DSI_glove,DSI_TASA,DSI_mean,Flow,Word count,NAs
R_3koVyM7qEyE4Ypx,19,Male,240.109,3.2,3.8,3.5,1,2.2,1.6,1,1.6,1.3,NA,NA,NA,76.7083573909033,9,giraffe ,face,shoe ,trees,TV,paw,ocean,car,banana,handle,giraffe  face shoe  trees TV paw ocean car banana handle,0.8087834933068152,0.905981102278302,0.8990261459923378,0.888992551365934,0.9905578660653758,0.8986682318017529
R_1PRwVSBz8uq54dj,18,Female,242.126,2.4,2.2,2.3,1.2,0.2,0.7,1,1.2,1.1,NA,NA,NA,72.8811000784238,10,ocean ,chair,head,flower,car,lamp,rock,money,work,gun,ocean  chair head flower car lamp rock money work gun,0.7702503404058785,0.9130772032786528,0.8995415055229277,0.8262990415373973,0.9951042885715751,0.8808544758632862
R_4IbEa0u5VaCjNGF,19,Female,240.069,5.4,4.6,5,3.2,2,2.6,6.8,6.6,6.7,5.67241379310345,4.6551724137931,5.67241379310345,83.161450387533,9,ethanol,mitosis,dress,candle,can,placemat,car,egg,laptop,card,ethanol mitosis dress candle can placemat car egg laptop card,0.8385053899474472,0.8549842206500619,0.8956763516769926,0.9267979880354447,0.9973004140081365,0.9026528728636165
R_yIwKYgPZNqHO5Ut,18,Female,240.078,0.6,0.8,0.7,0,0,0,1,1,1,NA,NA,NA,79.0625775809444,9,map,queen,hat,steel,tea,lips,swimming pool,glasses,book,gap,map queen hat steel tea lips swimming pool glasses book gap,0.8773628946303529,0.9388779648230368,0.9252828895240404,0.8719075539329837,0.9851089724205089,0.9197080550661845
R_1rcssfbD4S8tGQa,19,Female,240.131,0.2,0.4,0.3,0,0,0,1,0.8,0.9,NA,NA,NA,80.4815574770882,9,box,computer,mooncake,cheese,poll,doll,fish,beauty,flower,cola,box computer mooncake cheese poll doll fish beauty flower cola,0.8797180932467403,0.9093359934157821,0.9128405749451538,0.8856639697852294,0.9928856311519771,0.9160888525089768
R_12om7o5KDQ51Wns,19,Male,240.013,0.6,1.6,1.1,0,1,0.5,1,1,1,5.3,4.2,5.3,77.6158712449528,10,tree,typewriter,needle,suitcase,ball,card,nail,fan,cable,dragon,tree typewriter needle suitcase ball card nail fan cable dragon,0.8532388557805357,0.9221159919097401,0.8985917999575367,0.8768129447291636,0.9801925759529045,0.9061904336659762
R_2SklImEAFdyRD8v,18,Male,240.018,2.8,3.4,3.1,0.6,0.6,0.6,1,1.6,1.3,5.80645161290323,4.48387096774194,5.80645161290323,81.2399138474748,10,bin,branch,ball,crab,roof,rocket,ruler ,son,headphones,water,bin branch ball crab roof rocket ruler  son headphones water,0.8595841030292253,0.9490624713865211,0.9138337610431563,0.9053218514190179,1.0018806281059407,0.9259365629967723
R_1hAL4rQ655FLo8L,18,Female,240.038,0.2,0.4,0.3,0.2,0.2,0.2,1,0.8,0.9,3.44897959183673,1.97959183673469,3.44897959183673,77.9125465701024,10,glass,wind,face,butterfly,street lamp,iron,sea shell,nail,cash,time,glass wind face butterfly street lamp iron sea shell nail cash time,0.8199238426151173,0.9216523145846122,0.9130170672051489,0.8466191185028213,0.987578898205651,0.8977582482226701
R_2dSCW5JzmFfZAqE,19,Female,240.011,0.4,0.4,0.4,0,0.2,0.1,1,0.8,0.9,7,4,7,79.9818152650481,10,rabbit ,computer ,sweater ,nail,lung ,wax,desk,game ,mountain,surfboard ,rabbit  computer  sweater  nail lung  wax desk game  mountain surfboard ,0.8603714422843198,0.9328209303635914,0.9142974428507599,0.9147364490110135,1.0107772482322577,0.9266007025483886
R_3kL2FyOx4dlNdwL,19,Female,240.013,0.8,0.8,0.8,0,0,0,1,1,1,4.2156862745098,2.86274509803922,4.2156862745098,76.9464853796221,10,dog,sex,psychology,computer,conflict,father,flower,parade,clown,firework,dog sex psychology computer conflict father flower parade clown firework,0.8685906023964711,0.936992722847608,0.8975719077955419,0.8888298131465813,0.9929931055147553,0.9169956303401916
R_3EGpxTN5LLLMqWk,18,Female,240.118,2.6,2.8,2.7,0.8,0.8,0.8,3.4,3.2,3.3,NA,NA,NA,83.8604321703315,8,hat ,elephant ,doctor,cushion,test tube ,library,toy car,stomach,globe,deoderant,hat  elephant  doctor cushion test tube  library toy car stomach globe deoderant,0.8452842829749138,0.9240464751254035,0.9091963413690949,0.8865384788438513,0.9764833065287916,0.9083097769684111
R_siF0IejFbyHEe2Z,19,Female,240.024,1.4,1.2,1.3,0.2,0.2,0.2,1.8,1.6,1.7,7,6.5,7,81.6780483971039,10,television,chair,pencil,skirt,mascara,calculator,door,certificate,pillow,tissue,television chair pencil skirt mascara calculator door certificate pillow tissue,0.8525427105486673,0.8877745703346206,0.912417944653128,0.8991384892580122,0.9760106495931392,0.9055768728775135
R_1F8vpBWAwpcKYce,18,Female,241.181,0.4,1,0.7,0,0.6,0.3,3.8,3.4,3.6,6.14285714285714,5.42857142857143,6.14285714285714,80.4728848039217,9,bottle,earphone,pen,fruit,medicine,ocean,fire,perfume,strategy,caculator,bottle earphone pen fruit medicine ocean fire perfume strategy caculator,0.872282792589434,0.9256736544840023,0.9126696093399076,0.9071096050296945,0.982698279150625,0.9200867881187327
R_3CZrn6fF5NxYcKY,20,Female,240.012,9.4,8.8,9.1,8.4,6.4,7.4,13.6,13,13.3,5.13559322033898,3.42372881355932,5.13559322033898,88.8643795979165,10,purple,grave,keyboard,quantum ,stork,toe,climate,ghost,fried,diet,purple grave keyboard quantum  stork toe climate ghost fried diet,0.9101518718853214,0.9425891143770448,0.935826203403651,0.9374488575338156,1.0085337632534184,0.9469099620906503
R_2QGm7E0iK9QwQUC,18,Female,240.02,1.4,2,1.7,0.2,0.6,0.4,3,3.2,3.1,5.40540540540541,4.72972972972973,5.40540540540541,84.3357280606315,9,book,chicken,kettle,highway,bed,cousin,jumper,nailpolish,music,tissue,book chicken kettle highway bed cousin jumper nailpolish music tissue,0.8637450276079364,0.9525155238972189,0.929789144525359,0.9200559681895726,0.9975667113550803,0.9327344751150335
R_3hxXFvAaZUCRCyF,18,Female,240.114,1,1.4,1.2,0.8,0.8,0.8,9.6,8.4,9,6.47058823529412,6,6.47058823529412,80.9383352952344,9,school,flag,sand,cat,nail polish,deodorant,fork,lock,travel,ambulance,school flag sand cat nail polish deodorant fork lock travel ambulance,0.8626012029578047,0.9447994345701877,0.9261472767647708,0.9151970405300137,0.9991407118214208,0.9295771333288396
R_31zaY56c9gCqpKx,18,Female,240.013,0.2,0.4,0.3,0,0,0,1,0.8,0.9,5,3.58695652173913,5,72.1845730429604,10,man,girl,bottle,book,study,family,photo,baby,childhood,birthday,man girl bottle book study family photo baby childhood birthday,0.7507805578815822,0.8955996482343704,0.8603230400953983,0.7384234580075351,0.9894090673871774,0.8469071543212128
R_VPQBGmFJkgy04nv,18,Female,240.085,1,1.4,1.2,0.6,0.8,0.7,1,1.4,1.2,4.10526315789474,2.85964912280702,4.10526315789474,77.8951817325183,9,sun,cheese,adress,tree,glass,carbon,noise,mail,fail,water,sun cheese adress tree glass carbon noise mail fail water,0.8699658103387111,0.9236761032574097,0.9234657155188759,0.8952385355797176,0.9980785260465426,0.9220849381482514
R_3IYaDXI9zyFVgEZ,19,Male,240.148,1.6,1.2,1.4,0.6,1,0.8,11,9.2,10.1,5.91666666666667,4.91666666666667,5.91666666666667,78.5703052544878,10,photo ,air ,bottle,cord,basketball,door,umbrella,shapes,towel,pin ,photo  air  bottle cord basketball door umbrella shapes towel pin ,0.8534411515573634,0.908322431047299,0.8965626117021569,0.8764016483786486,0.9609754720036745,0.8991406629378285
R_3HHucl2vKqmCxnN,18,Female,241.158,3.2,3,3.1,1.8,0.6,1.2,1,1.8,1.4,5.11538461538461,3.90384615384615,5.11538461538461,72.0959881231898,8,red,tree,polar bear,car,dirt,drink bottle,bed,jacket,oven,bin,red tree polar bear car dirt drink bottle bed jacket oven bin,0.8058926147793706,0.9200172852997548,0.8922896115738619,0.8213225842447256,0.9737156055835237,0.8826475402962473
R_DzNTekoA8n75A1H,18,Female,240.07,5.2,5,5.1,2.6,1,1.8,6.8,6.6,6.7,NA,NA,NA,81.6517149319961,10,apple,road,pen,shorts,pillow,eyelid,gold,ocean,wall,music ,apple road pen shorts pillow eyelid gold ocean wall music ,0.860558619867527,0.9231982457448678,0.9248509204299556,0.9077488279261822,1.010476801517963,0.9253666830972991
R_3qIEED4O8b3d7bG,19,Female,240.017,4,4.6,4.3,1.6,0.8,1.2,1.2,2,1.6,5.54838709677419,4.32258064516129,5.54838709677419,80.7926754866328,8,hair,miso,socks,light,pitbull,daisies,tennis,clock,basement,chainsaw,hair miso socks light pitbull daisies tennis clock basement chainsaw,0.8578083321088195,0.910225146653679,0.9031469955236843,0.9490324279985463,0.9735175013727703,0.9187460807314999
R_28YXqUfFuh5n6Gw,19,Female,240.014,0.2,0.6,0.4,0,0.2,0.1,2.4,2.2,2.3,4.97777777777778,3.91111111111111,4.97777777777778,71.8501023593403,10,cat,sky,bag,mop,mirror,paper,scarf,laptop,wood,bell,cat sky bag mop mirror paper scarf laptop wood bell,0.8246604447870519,0.9155418373745533,0.8931366888242738,0.8465933571677786,0.9658725182583598,0.8891609692824035
R_Zh11URsMrzkj6Cd,19,Female,240.026,0.8,0.8,0.8,0,0,0,1,1,1,5.07142857142857,3.57142857142857,5.07142857142857,84.1151026210615,10,teacher,murderer,guitar,deaf,mouse,garlic,fan,mall,hamburger,dead,teacher murderer guitar deaf mouse garlic fan mall hamburger dead,0.8212296293012916,0.9362238130658074,0.9091382645176956,0.9100279502348749,0.9969676616887354,0.9147174637616811
R_R7Xc4x9KjiOcbsJ,21,Female,240.007,3.8,3.8,3.8,1.2,1,1.1,1,1.8,1.4,5.66666666666667,4.45454545454545,5.66666666666667,81.9706899601789,10,bus,radio,kidney,rug,desk,paint,love,sunflowers,crown,constitution,bus radio kidney rug desk paint love sunflowers crown constitution,0.876774154153247,0.9442072181797874,0.9287394905778942,0.9439551873705809,0.9957120399248919,0.9378776180412803
R_1NyJ4allLfeJtr6,23,Male,241.194,3,2.6,2.8,2.8,0.4,1.6,7,6.6,6.8,4.58181818181818,3.32727272727273,4.58181818181818,67.7344629452342,10,keep,leave,fly,happened,always,flabbergasted,mysterious,bullied,disappointed,flour,keep leave fly happened always flabbergasted mysterious bullied disappointed flour,0.769461097975995,0.9207206036417644,0.8683159099727942,0.8339911023103355,1.002523280332275,0.8790023988466327
R_2BrgtW92VteebD5,19,Female,240.01,1.6,1.8,1.7,0.4,0.6,0.5,1,1,1,5.09090909090909,3.93939393939394,5.09090909090909,81.2441714684523,10,magic,verb,phone,hair,lights,country,lead,smile,stick,blue,magic verb phone hair lights country lead smile stick blue,0.826026211122016,0.9455638403042697,0.9219052502095683,0.8353941941363539,1.0030870505235339,0.9063953092591482
R_3m8A7KptOiIg9WE,17,Female,179.199,0.2,0.4,0.3,0,0,0,1,0.8,0.9,5.93333333333333,4.62222222222222,5.93333333333333,78.5053542327313,10,baby,hate,phone,apple,number,pen,empathy,cow,carpet ,polish,baby hate phone apple number pen empathy cow carpet  polish,0.8281570128873481,0.9311701541944426,0.9305904878605654,0.8938436296850784,0.987107706162499,0.9141737981579867
R_1PdwYBAHoeVmAKc,19,Female,240.006,0.4,0.8,0.6,0,0.4,0.2,1,1,1,2,1,2,77.6578192554769,10,tissue,lighting,house,ghost,beer,grave,flower,doctor,court,white,tissue lighting house ghost beer grave flower doctor court white,0.8173952598729359,0.9476365524183521,0.9141739620528944,0.8708181139120437,0.9947258127130995,0.9089499401938651
R_2flDW83WFlCPG0T,18,Female,240.012,0,0.2,0.1,0,0,0,1,0.8,0.9,4.14285714285714,2.71428571428571,4.14285714285714,71.2747282215527,10,love ,tissue,flowers ,cream ,light,salt ,dog ,book,jacket ,basketball ,love  tissue flowers  cream  light salt  dog  book jacket  basketball ,0.8246325021850354,0.9215396589600312,0.9041368111660287,0.828498894056978,1.004622889672917,0.8966861512081981
R_3fGYKKGiVuvtVIP,18,Female,240.102,3,3.4,3.2,1.6,1.4,1.5,1,1.6,1.3,5.88,4.2,5.88,77.5363459828354,10,computer,world,toad ,book ,ring ,plane ,house ,tree,slide,music ,computer world toad  book  ring  plane  house  tree slide music ,0.8416422714383084,0.926261752335003,0.8998450738289159,0.8403673839312407,0.9983251663653632,0.9012883295797662
R_2fxkdeTbFVyyGMd,19,Female,240.102,0,0.6,0.3,0,0,0,2.2,1.8,2,NA,NA,NA,81.5323397517204,9,coconut,dog,comb,mask,candies,watch,calculator,pencil,solar panel,seasoning,coconut dog comb mask candies watch calculator pencil solar panel seasoning,0.8673907873661872,0.9198847229455079,0.9023728149864632,0.9023284457603546,1.002556394604669,0.9189066331326364
R_tFG3m5AKKc70W4h,18,Male,240.212,0,0.8,0.4,0,0.2,0.1,7.6,6.8,7.2,NA,NA,NA,76.3035799066226,10,apple,apartment ,bones ,coffee,cat,bottle ,calculator,pool,gate,doctors,apple apartment  bones  coffee cat bottle  calculator pool gate doctors,0.8490197145431471,0.945286880569935,0.9276553566783683,0.8770467573572291,0.9907337684272449,0.917948495515185
R_9pn2KJP3EKnAxUZ,18,Female,240.099,2.4,2.8,2.6,0.4,0.2,0.3,2.6,3,2.8,4.26785714285714,2.98214285714286,4.26785714285714,73.0679446387859,10,wind,desk,ball,house,back,teacher,nail,basket,dog,ear,wind desk ball house back teacher nail basket dog ear,0.7838045339218354,0.9175184109129854,0.8945377117349519,0.8279955359020038,0.9811496545749023,0.8810011694093358
R_2CC8D2chTULgz7E,19,Female,240.108,9.2,7,8.1,9.8,4.4,7.1,14.2,13.2,13.7,6.85714285714286,6.35714285714286,6.85714285714286,89.4899147340939,10,bouzouki,gas,rain,circus,book,pyramid,yacht,stick,computer,shack,bouzouki gas rain circus book pyramid yacht stick computer shack,0.8859921536425961,0.9245882958362949,0.9257218036053945,0.9387059921372104,0.9957735700554522,0.9341563630553896
R_1LNLaYKwkhEyqDK,18,Female,240.009,0.4,0.6,0.5,0,0,0,1,0.8,0.9,4.35714285714286,3.26785714285714,4.35714285714286,79.355086616817,9,people,theory,apple,ice cream,ring,medal,jar,glass,silk,clothing,people theory apple ice cream ring medal jar glass silk clothing,0.8347610221424049,0.9205942921727579,0.9194683316745492,0.8458340855249276,0.9540007896780393,0.8949317042385359
R_zdHwbRyvoi6Pd8R,20,Female,53.244,6.8,6.4,6.6,3.4,5.2,4.3,7.2,7.2,7.2,5.75,4.70833333333333,5.75,78.0088599239077,10,dice,blue,cat,cup,book ,mum,chair,school,apple,fake,dice blue cat cup book  mum chair school apple fake,0.8377406901411517,0.9463596141315496,0.9158219474141337,0.8839795306934486,0.9906066561077959,0.9149016876976159
R_2curxfvbrawWwdm,19,Male,240.121,1.2,1.2,1.2,0,0.2,0.1,1,1,1,4.05882352941176,3.23529411764706,4.05882352941176,73.3343912377244,10,Write,Chicken,Magic,Game,Language ,People,Father,Election ,Subject ,Hand,Write Chicken Magic Game Language  People Father Election  Subject  Hand,0.8208072073086694,0.9269240283446534,0.9121551237784841,0.7845526210469351,1.0020790908357735,0.889303614262903
R_rfhtsYMoHrzDp2F,20,Male,240.014,6.2,6,6.1,5.8,5.8,5.8,11.2,10.4,10.8,4.66101694915254,3.10169491525424,4.66101694915254,74.2116960031646,9,butterfly,bee,meaning,space,bet,orange,george,wee,yew,baby,butterfly bee meaning space bet orange george wee yew baby,0.8390660660000497,0.9241115524396584,0.9192985126565805,0.9026941013606523,0.9950342271205372,0.9160408919154956
R_1CfjPNHNiIJocDu,20,Female,240.011,1.4,1.2,1.3,0,0,0,2,1.8,1.9,4.22641509433962,2.84905660377358,4.22641509433962,78.7743233499073,9,house,flower,skirt,axe,cage,lemon,money,medicin,paper,detergent,house flower skirt axe cage lemon money medicin paper detergent,0.832978860242495,0.9185107788347007,0.9224471782236624,0.9175118077376929,0.9984077851874142,0.9179712820451931
R_2164et1cX4V25eV,20,Male,240.009,2.4,2.4,2.4,1.2,0.8,1,3.2,3,3.1,5.81818181818182,4.45454545454545,5.81818181818182,82.6260517573073,10,water,triangle,book,nail,truck,shoelaces,carpet,onion,bracelet,underwear,water triangle book nail truck shoelaces carpet onion bracelet underwear,0.8385698295292329,0.9212516168428233,0.8894331154669145,0.9045227669768939,1.004003357950251,0.9115561373532233
R_2Eg7Uq3lSKZQm7M,19,Male,240.102,5.2,6.2,5.7,3.2,1.6,2.4,6.6,7.6,7.1,4.98181818181818,3.92727272727273,4.98181818181818,84.6212070124845,9,Plane,Beach,Address,Love,Biscuit,Dog,iPad,Insecticide,Pillow,Cobblestone,Plane Beach Address Love Biscuit Dog iPad Insecticide Pillow Cobblestone,0.8487665533405568,0.9143899797074897,0.9094322582781302,0.9451505289062611,1.0066612649663482,0.9248801170397571
R_12x4lCq9gcHG4cg,20,Female,241.849,3,3.2,3.1,1,1.8,1.4,5.4,4.4,4.9,6,5,6,74.8042401103746,10,chair,pool,pencil,mouse,painting,glasses,iron,bag,chips,bridge,chair pool pencil mouse painting glasses iron bag chips bridge,0.8185086870549457,0.9203834605408702,0.9007943940247203,0.8402583016839129,0.9949433918168215,0.8949776470242542
R_XArL0au9O7sODyV,18,Female,240.07,1.8,1.8,1.8,0,0,0,1.8,1.8,1.8,NA,NA,NA,81.4979983671081,10,mailbox ,pot,bed,bridge,jacket,star,ocean,curtain,bag,elephant,mailbox  pot bed bridge jacket star ocean curtain bag elephant,0.8214188637940181,0.9159894073371603,0.8877926870775211,0.8565718598721483,0.9710284605457404,0.8905602557253177
R_3oTHuZGvOzUxHFh,19,Female,240.111,2.4,3.2,2.8,0.6,0.4,0.5,3.6,4.4,4,6.16666666666667,3.66666666666667,6.16666666666667,77.8503070186291,10,wall,shoe ,floor,study,maid ,clown,tree,death,pants ,fingers ,wall shoe  floor study maid  clown tree death pants  fingers ,0.8175782990139318,0.9275856950212293,0.9035984373752983,0.8598933129908908,0.9784183252008967,0.8974148139204494
R_3MLEPJ09SvrMcTa,20,Female,240.083,3.6,4.2,3.9,1.2,1.6,1.4,4.4,4.8,4.6,6.03030303030303,4.54545454545455,6.03030303030303,65.6503540419397,10,food,place,idea,comfort,living,intelligence,beauty,travel,conversation,love,food place idea comfort living intelligence beauty travel conversation love,0.7749420876666739,0.9028559024709203,0.8915906659823986,0.7564186930763301,0.974126619741775,0.8599867937876196
R_3siDtX3dAURW9Kw,19,Female,240.015,0.4,0.2,0.3,0,0,0,14.6,13.6,14.1,5.61904761904762,4.35714285714286,5.61904761904762,78.115490930421,10,cow,jacket,wind,kissing,chair,pasta,rainbow,plane,curtain,vein,cow jacket wind kissing chair pasta rainbow plane curtain vein,0.8479519158019981,0.9349702659492433,0.9176001955406641,0.9091013585560834,1.0125587245045033,0.9244364920704985
R_2Vl6LnkdQ0cdgem,17,Female,240.027,2.6,2.6,2.6,1.2,0.2,0.7,3,3.2,3.1,5.4,3.88,5.4,80.3359172528698,10,pen,noise,running,clouds,tape,comedy,crowds,flowers,absent,cans,pen noise running clouds tape comedy crowds flowers absent cans,0.8597584839013079,0.9306720678997286,0.9263258885308909,0.8809452031671063,1.0008829847589615,0.9197169256515991
R_54iWMq6Xyngw5Oh,17,Female,240.018,2,2.6,2.3,0.6,1.2,0.9,2.4,2.8,2.6,4.8,3.26,4.8,79.8262673651888,9,white,animation,motivation,countryside,ice-cream,school,complex,vacation,dream,accordion,white animation motivation countryside ice-cream school complex vacation dream accordion,0.8775141501256731,0.9310968052245383,0.9243918699174374,0.8928720165601086,0.9831603248236164,0.9218070333302748
R_1geE6Cb8CJIlQIy,18,Female,241.878,0.2,0.8,0.5,0,0.4,0.2,1,1,1,NA,NA,NA,77.7823401703721,9,table,pool,ring,giraffe,knife,tack,mud,toddler,car,tv,table pool ring giraffe knife tack mud toddler car tv,0.8328442494053611,0.9150371871703208,0.9070577634558288,0.8849079939331563,1.009121731157148,0.909793785024363
R_111kDn2r9PJRRnE,18,Male,240.012,1.8,1.4,1.6,0.8,0.6,0.7,2,2,2,NA,NA,NA,81.306321532022,10,Den,Wire,Lawyer,Black,Revolution,Darkness,Light ,Happiness,Strength,Thinking,Den Wire Lawyer Black Revolution Darkness Light  Happiness Strength Thinking,0.8359320811103792,0.9277910479527375,0.9162865711070467,0.8879359131642859,0.9900054925640688,0.9115902211797037
R_2qkoE5JAao3P1WU,19,Female,240.008,3.8,4.2,4,1.6,1.2,1.4,6.6,6.4,6.5,5.72727272727273,4.36363636363636,5.72727272727273,68.9164980891205,10,place ,hand,food,emotions,run ,picture ,farm ,school,hair ,sport ,place  hand food emotions run  picture  farm  school hair  sport ,0.8164165610944073,0.9405088183295347,0.9176438608020469,0.7946933302524364,1.0020009429098333,0.8942527026776517
R_5pUxtGpDkGQWTZf,18,Female,69.704,0.2,0.4,0.3,0,0.4,0.2,1,0.8,0.9,7,4,7,70.6765174865723,10,cat ,blanket ,house,tree,car,bike,laptop,shoe,stage,phone ,cat  blanket  house tree car bike laptop shoe stage phone ,0.7806052226703233,0.8876937706221066,0.8590922997839122,0.8141312552653267,0.9950169853005626,0.8673079067284462
R_28LJzihi5nfixJC,18,Female,240.015,0,0.6,0.3,0,0.6,0.3,6.6,5.6,6.1,5.38636363636364,3.81818181818182,5.38636363636364,78.5960018457401,10,pig,bottle,notebook,car,god,check,type,horror,needle,line,pig bottle notebook car god check type horror needle line,0.8295881702729109,0.9362746095556747,0.9200465317134843,0.8697798279068691,1.002364348060328,0.9116106975018534
R_2YySCHkKDkkWK9B,19,Male,240.111,1.8,1.6,1.7,0.6,0.2,0.4,2.4,1.8,2.1,NA,NA,NA,84.9808265233324,10,laptop,brownie,road,pimple,paper,psychology,brown,rubber,tree,marker,laptop brownie road pimple paper psychology brown rubber tree marker,0.8855368532908062,0.9141257663393708,0.9153415107793583,0.922196292874987,0.9834247720532969,0.9241250390675638
R_2QrB8leByMCBfT5,20,Female,240.011,0.4,0.4,0.4,0,0,0,1,0.8,0.9,5.52941176470588,3.64705882352941,5.52941176470588,76.1816150730564,8,rabbit,math,TV,oscan,airport,friend,child,parent,game,bird,rabbit math TV oscan airport friend child parent game bird,0.8074468666453373,0.91526593879138185,0.9009019439301199,0.8933627518848829,0.9747791099156894,0.8983513222334822
R_01BQn8K7Pi9Rayl,20,Female,240.019,1.8,1.8,1.8,1,0,0.5,1.8,1.8,1.8,4.6875,3.47916666666667,4.6875,81.2885143040192,10,doll,homework,comics,maths,holiday,sea,roommate,pad,water,toilet,doll homework comics maths holiday sea roommate pad water toilet,0.8494292814508881,0.911623897850857,0.9041014964980136,0.9197598460976789,0.9938084764393352,0.9157445996673547
R_24waSrxtfLapDP0,19,Male,240.092,2,2.4,2.2,1.2,1,1.1,2.2,2.4,2.3,NA,NA,NA,75.5867553076574,10,Pen,Ball,Street,Ear,Bird,Snow,Toothbrush,Food,Land,Electricity ,Pen Ball Street Ear Bird Snow Toothbrush Food Land Electricity ,0.8535241331016767,0.9440172984488959,0.9220346918369893,0.8819459999381203,1.0005153513718261,0.9204074949395016
R_3lAFWiBT1vFPagB,19,Male,240.008,4.6,4.6,4.6,3.6,2.4,3,1,1.4,1.2,6,5.33333333333333,6,86.1935320487689,9,dragon,ice,plant ,highlighter ,student ,road,commet ,squid ,love ,stomach ,dragon ice plant  highlighter  student  road commet  squid  love  stomach ,0.8829570968507255,0.9518605985050513,0.9410853413636842,0.9288219946650843,1.0096674897182898,0.942878504220567
R_3k5hUHsCE0FjJrh,19,Female,240.169,2.4,2.2,2.3,0,0.4,0.2,3.8,3.2,3.5,4.86206896551724,3.32758620689655,4.86206896551724,77.9597905420122,10,dog,flag,sun,purple,blush,keyboard,singing,hair,fabric,hotel,dog flag sun purple blush keyboard singing hair fabric hotel,0.8551857372684804,0.9063595335393783,0.9102010842970976,0.8573103752887747,0.9802612797771977,0.9018636020341857
R_3nIUg3zsvUUMrzd,19,Female,240.015,1.2,1.4,1.3,0,0,0,1.2,1.4,1.3,5.25,3.83333333333333,5.25,86.7324659113018,10,dandelion,cheesecake,odor,highlight,settings,spray,toolkit,book,tray,pants,dandelion cheesecake odor highlight settings spray toolkit book tray pants,0.8921761664757627,0.8765682869345647,0.9076420005563326,0.936002342198003,0.9819558083747526,0.9188689209078831
R_UgQCwKS5A1OsM8h,18,Female,240.009,0.2,0.4,0.3,0,0,0,1,0.8,0.9,NA,NA,NA,75.3916611983663,8,car,park,toy,cake,medical,study,Japan ,Arthur,figure,GP,car park toy cake medical study Japan  Arthur figure GP,0.8753781607370906,0.9464552750500231,0.9316249171979432,0.885677271999935,0.9878942611999588,0.9254059772369901
R_3dQCtNRTIkOXGm3,19,Female,240.156,2.2,2.6,2.4,0.4,0.2,0.3,3,3.2,3.1,5.8,4.6,5.8,73.4671874415307,10,cat ,book,clothes ,phone ,table ,bottle ,cake ,wind ,sound ,flower ,cat  book clothes  phone  table  bottle  cake  wind  sound  flower ,0.8025034010411287,0.9294350376682243,0.9005051074781534,0.8092848483159638,1.002076414318235,0.8887609617643409
R_32V0GhHUtT9apFb,18,Male,240.015,0.2,0,0.1,0,0,0,3,2.8,2.9,5.90476190476191,4.95238095238095,5.90476190476191,76.4935409738904,10,door,school,car,water,biology,land,star,flag,donkey,music,door school car water biology land star flag donkey music,0.8485345878833391,0.931970285657499,0.9185159818338857,0.8577913438047677,0.9876168643583093,0.9088858127075602
R_3KCrdib6XHF9gdo,18,Male,240.009,0,1.4,0.7,0,1.2,0.6,4,4,4,7,7,7,89.4947632836799,10,drought ,cortisol ,hyperbole ,rust,plants,earphone ,bottle ,ambition ,surgery ,NA,drought  cortisol  hyperbole  rust plants earphone  bottle  ambition  surgery  NA,0.9158625311184471,0.8918926727746568,0.9403842034170516,0.9703828068725067,0.9982995383856799,0.9433643505136683
R_3Kr0Wp0jemFRA5v,19,Male,240.007,1,0.8,0.9,0.6,0,0.3,5.8,5.4,5.6,NA,NA,NA,73.7522548153287,10,cat,house,pencil,ice,grass,wind,gravity,male,life,skin,cat house pencil ice grass wind gravity male life skin,0.8252830812830527,0.9258013705599746,0.9000909700748845,0.8410499761422021,1.0028789453096083,0.8990208686739443
R_8e8JQcJ5JTSoJhf,19,Female,240.026,4,4.6,4.3,1.6,2.8,2.2,1,1.6,1.3,4.59259259259259,3.51851851851852,4.59259259259259,78.03618244472,10,apple,sun,blanket,statue,travel,university,toy,grandmother,time,purple,apple sun blanket statue travel university toy grandmother time purple,0.8499486223060628,0.9382339231585993,0.9249257074722732,0.8622299016762438,0.9977404762601189,0.9146157261746597
R_DtWwqkKNCbIvNlv,19,Female,240.023,1,1,1,0,0,0,1,1,1,5.125,4.125,5.125,75.1005826251847,10,clock,countdown,gear,watch,late,measure,seconds,hours,wall,table,clock countdown gear watch late measure seconds hours wall table,0.7689403111354758,0.8683394931855835,0.8861123796339007,0.7853490786638184,0.9520994082357365,0.852168134170903
R_2aELtRUHKNLF6eP,19,Female,240.021,3.6,3.8,3.7,2.2,2.4,2.3,1,1.4,1.2,5.4375,3.79166666666667,5.4375,74.7965877609594,10,cow,bottle,time,mum,barbie,love,graduation,beauty,sponges,power,cow bottle time mum barbie love graduation beauty sponges power,0.8130965761625333,0.9234656819053804,0.9038373617259301,0.901985552679191,0.9909007310205079,0.9066571806987085
R_1hF1mDqW0t7WDTv,19,Male,240.012,5.8,6.2,6,7.2,6,6.6,11.6,11.6,11.6,5.57142857142857,4.21428571428571,5.57142857142857,86.1619190800758,10,banana,eraser ,telephone ,metal ,cloud ,wristband ,fur ,hospital,cord,numbers,banana eraser  telephone  metal  cloud  wristband  fur  hospital cord numbers,0.8950848674679485,0.9293616697524522,0.9221260254601032,0.9251450358666998,0.9866104451579458,0.93166560874103
R_1FtFMZKWBRAgeIo,18,Female,240.224,1.2,1.4,1.3,0,0.4,0.2,1,1.2,1.1,4.79545454545455,3.56818181818182,4.79545454545455,65.723847988106,10,animals,Fruits,Vegetables,Human,Earth,Road,Plant,House,School,Politics,animals Fruits Vegetables Human Earth Road Plant House School Politics,0.8245899581357835,0.8937486782067026,0.885032863861059,0.8094099425903603,0.9799261844126502,0.8785415254413111
R_2Y5JmSCtHIpg6yQ,21,Female,240.014,1,1,1,0,0,0,1,1,1,6.42105263157895,5.31578947368421,6.42105263157895,78.6371624895504,10,phone,bed,water,perfume,chips,shoes,tape,tampon,doll,pen,phone bed water perfume chips shoes tape tampon doll pen,0.7769042186840285,0.8936359730907304,0.8666734416962996,0.8455904516408977,0.9817994118844561,0.8729206993992824
R_1kOJ5Usdg2JhxvR,18,Female,240.051,4.4,4,4.2,2.4,1.4,1.9,5,4.8,4.9,NA,NA,NA,81.6766544112137,8,cup ,pig,mountain,snot ,berries ,the queen,lingerie ,electric guitar ,karate ,baby,cup  pig mountain snot  berries  the queen lingerie  electric guitar  karate  baby,0.8418963033417568,0.9357566752066736,0.8949160630833115,0.9013299698452479,0.9982134481799854,0.914422491931395
R_2dE1gmY21cQEMDj,18,Female,240.111,3.2,3.4,3.3,1,1.8,1.4,4.6,4.6,4.6,5.01923076923077,3.90384615384615,5.01923076923077,68.5622262812796,10,snow,table,car,hills,sky,river,dust,doll,foam,crab,snow table car hills sky river dust doll foam crab,0.8171835392552138,0.8984894988821165,0.8863392540096101,0.8548300359217813,0.976023485168027,0.8865731626473498
R_3sBnC1yFJKDezRf,20,Female,240.119,3.6,3.6,3.6,2.4,0.6,1.5,5.8,5.6,5.7,4.6,2.83333333333333,4.6,79.5761779837665,10,mop,bag,rat,travel,alien,desk,cord,jump,cry,shoe,mop bag rat travel alien desk cord jump cry shoe,0.8209671286599898,0.9341970620519907,0.9156212438242272,0.8974461557561236,0.967471411145421,0.9071406002875506
R_3RxNLnyjRYDfl6T,18,Female,240.117,0,0,0,0,0.4,0.2,7,6.8,6.9,NA,NA,NA,81.0898004188424,8,table,sky,zoo,water,handphone,oreo,violin,finger,batman,blueberry,table sky zoo water handphone oreo violin finger batman blueberry,0.8603665761114936,0.9242043995624342,0.9207820471498489,0.9638335872249527,0.9994671944239316,0.9337307608945322
R_sSAQtzGAA4DSt2N,18,Female,240.15,2.2,2.2,2.2,0.6,0.2,0.4,1,1.4,1.2,6,5.1304347826087,6,75.8101913191023,9,cat,book,beach,chair ,laptop,underwear,friend,blanket,toy,washing basket,cat book beach chair  laptop underwear friend blanket toy washing basket,0.8023381219681671,0.9062233581260364,0.8853004624391577,0.8418983355702825,0.9841992353228617,0.883991902685301
R_1CJgYpZ9uTk4ed4,20,Female,241.202,3.4,3.4,3.4,2.2,1.6,1.9,4.4,4.8,4.6,5,3.94736842105263,5,86.9228114950515,10,rat,cauliflower,hamper,carpet,cancer,silicone,celebrate,holes, block,chew,rat cauliflower hamper carpet cancer silicone celebrate holes  block chew,0.865634123938501,0.9102754494009628,0.9324646665149494,0.9458369860577744,0.9921355008622953,0.9292693453548966
R_2Y9sgOVwPgX3NVr,16,Female,240.205,1,1,1,0,0,0,1,1,1,4.80487804878049,3.48780487804878,4.80487804878049,73.3053281903267,10,family,work,book,cloud,friend,farmer,animal,river,tree,star,family work book cloud friend farmer animal river tree star,0.8246119982753339,0.9327759574153144,0.9050210143169528,0.8009083491796317,0.98698019379861,0.8900595025971686
R_27vwpR3uXW5WENI,19,Male,240.062,0.8,0.2,0.5,2,0.2,1.1,4.8,4,4.4,4.80392156862745,3.58823529411765,4.80392156862745,74.9961457791783,10,tissue,clothes,water,fire,music,egg,spoon,money,phone,mother,tissue clothes water fire music egg spoon money phone mother,0.7920665107442868,0.9187457036254955,0.8893541941944534,0.8277349955010551,0.9944892625349808,0.8844781333200544
R_3g29Ti2pWBvVqZu,19,Female,240.1,0.8,0.8,0.8,0,0.6,0.3,7.8,6.6,7.2,5.31707317073171,4.24390243902439,5.31707317073171,79.7810300563773,9,fire extinguisher ,bedroom,coffee,uniform ,ambulance,glasses,tiles,mud,vineyard,towel,fire extinguisher  bedroom coffee uniform  ambulance glasses tiles mud vineyard towel,0.8216844063565325,0.902358944262868,0.8903918620226585,0.854722284073648,0.9574764975047978,0.8853267988441009
R_3hbA1DldJ1WUf9j,19,Female,240.109,7,7,7,4.8,4.4,4.6,11.2,10,10.6,4.85714285714286,3.57142857142857,4.85714285714286,85.981016443111,7,himalayas ,mirror ,twitter ,dream,coriander ,doctor who ,tennis ,slime ,clown ,zeus ,himalayas  mirror  twitter  dream coriander  doctor who  tennis  slime  clown  zeus ,0.845212029186127,0.930624861171438,0.9138978438760019,0.9449413639209169,0.9945224063776416,0.925839700906425
R_1FQXi3T8BMNlPqA,19,Female,240.012,0,0.2,0.1,0,0,0,1,0.8,0.9,NA,NA,NA,78.8194846184481,10,moon,turtle,desk,singer,tea,dust,pool,pants,lipstick,beard,moon turtle desk singer tea dust pool pants lipstick beard,0.821031704348934,0.9300590500165753,0.9090834382963611,0.8939925501118885,0.9912285890344595,0.9090790663616437
R_1li1u6Kq8SGJ5sR,19,Female,240.012,0.6,0.8,0.7,0.4,0,0.2,1,1,1,4.73584905660377,3.52830188679245,4.73584905660377,81.8171581164712,10,table,dog,chemistry,teaspoon,rain,mother,ring,grass,bag,car,table dog chemistry teaspoon rain mother ring grass bag car,0.7875095596671042,0.9117177257541884,0.9016345977551024,0.8502522520750895,1.002513419734351,0.8907255109971672
R_21FYz17nGUqKiRq,18,Female,240.018,2.6,2.6,2.6,1.2,1.2,1.2,3.4,3.2,3.3,5.48484848484848,4.90909090909091,5.48484848484848,82.3540493446801,10,earphone,flower,thong,temple,socket,key,bubble,note,port,tap,earphone flower thong temple socket key bubble note port tap,0.8704889406842518,0.9062842109688287,0.910190325315954,0.944895957609218,0.984541333140347,0.9232801535437198
R_1pSxnULoleStPAd,19,Female,240.019,6.4,6.6,6.5,3.6,3.2,3.4,8.8,9.2,9,5.75,4.78571428571429,5.75,85.7369151897728,8,desktop,shoe,cupholder,crochet hook,candlewax,sieve,pipe,lightbulb,fountain,nib,desktop shoe cupholder crochet hook candlewax sieve pipe lightbulb fountain nib,0.8579238319778575,0.8148412569091961,0.8638275287152815,0.9095633751825093,0.973663923483616,0.8839639832536921
R_25R71XYUH5j0zl3,20,Male,240.067,1.4,1.8,1.6,0,0,0,1,1.4,1.2,4.9622641509434,3.43396226415094,4.9622641509434,82.6003633616936,10,phone,mine,tissues,aliens,airplane,bombs,flags,ball,wolf,ocean,phone mine tissues aliens airplane bombs flags ball wolf ocean,0.8580592348947803,0.9329617373355915,0.9186814946990203,0.8998329391205165,1.0075906116685442,0.9234252035436906
R_rpqYpFygDntuZvH,19,Female,240.113,0.4,0.4,0.4,0,0.6,0.3,1,0.8,0.9,NA,NA,NA,71.3246403705506,10,people,animal,hospital,school,car,phone,dress,hair,bed,window,people animal hospital school car phone dress hair bed window,0.7698091645042089,0.9090972226007874,0.8946341280770667,0.7764998364163795,0.9767273890884802,0.8653535481373845
R_2OSUYghXwOgk06Y,19,Female,240.01,1.2,1.2,1.2,0.2,0,0.1,1,1,1,NA,NA,NA,81.7602218793971,10,shoe,bad,alcohol,swimming,study,parachute ,seafood,death,wedding,babies,shoe bad alcohol swimming study parachute  seafood death wedding babies,0.8589327095492393,0.9535399832228657,0.9161511774930329,0.8817801816186939,0.9985127059492578,0.9217833515666178
R_2qBExsjDzgoYGAw,20,Male,240.123,0.8,1,0.9,0,0,0,1,1,1,NA,NA,NA,45.9027852330889,10,time,people,thing,day,life,women,way,road,books,child,time people thing day life women way road books child,0.669186401994616,0.8498350273457913,0.8437754205023861,0.6225284866443537,0.9805369990961545,0.7931724671166603
R_3EtyJn0UI4NVu7I,19,Male,240.211,4.2,3.6,3.9,3.8,1.2,2.5,6.6,6.4,6.5,5.58695652173913,4.6304347826087,5.58695652173913,79.1387047441233,10,lamp ,grass,brick ,throne,car,hammock,pet,geyser,tube,umbrella,lamp  grass brick  throne car hammock pet geyser tube umbrella,0.8424792146933352,0.8956494951297604,0.899831139139787,0.9041603105060808,0.9944194302694181,0.9073079179476764
R_3HTglMTjSyS7mRN,19,Female,240.016,1,0.8,0.9,0.4,0,0.2,4.8,4.6,4.7,5.36666666666667,4.43333333333333,5.36666666666667,84.4880774617195,9,helmet,pen,soup,scales,alarm ,death,book,australia,skipping ,fire,helmet pen soup scales alarm  death book australia skipping  fire,0.8797828211944289,0.9457844743567388,0.9385588241049185,0.9115096808172858,1.0023223289547194,0.9355916258856183
R_1jHDm1Q6ylzsFqU,18,Female,240.09,0,0.6,0.3,0,0,0,4.8,4.2,4.5,5.21875,3.59375,5.21875,76.631942888101,10,necklace,pot,lock,deck,gum,pencil,light,station,cheque,tree,necklace pot lock deck gum pencil light station cheque tree,0.8505112918975954,0.9300348348460593,0.9161291195069667,0.8997339206234579,0.9958244196983665,0.9184467173144892
R_2B8qC12UFHB9OGN,18,Female,240.178,2.6,3.2,2.9,1,1,1,3.6,4,3.8,5.28260869565217,3.91304347826087,5.28260869565217,80.9557963694845,9,bicycle,music,colour,bag,crow,baby wipe,lamp,wiring,magnet,vents,bicycle music colour bag crow baby wipe lamp wiring magnet vents,0.865084999764411,0.9194048863901992,0.9112921937121625,0.9025122705348946,1.001910348721327,0.920040939824599
R_UElXpLDDuyJFyU1,20,Male,240.117,0.4,0.8,0.6,0,0,0,1,1,1,NA,NA,NA,80.3520027281983,10,cat,dog,education,race,invitation,comparison,ceiling,table,glass,grass,cat dog education race invitation comparison ceiling table glass grass,0.8722730185053107,0.9343783415986455,0.9307984786974141,0.861716220099888,1.0043806560131003,0.9207093429828717
R_2wEPYl3R02gH9mO,21,Male,240.062,4.4,3.2,3.8,2.8,0.8,1.8,5.6,5.2,5.4,5.58139534883721,4.55813953488372,5.58139534883721,81.7103261571555,10,arrow,stand,plane,soup,mast,gold,book,football,grass,shadow,arrow stand plane soup mast gold book football grass shadow,0.8552213103474137,0.9455768114815097,0.9307769884562304,0.8952036052568357,1.0108960353711645,0.9275349501826309
R_3RyDJEOz0LQI9IZ,19,Female,240.111,3,3,3,2.2,1.2,1.7,5.4,5,5.2,NA,NA,NA,77.0645558834076,10,clothes,food,phone,rose,sun,wall,printer,paper,shoe,hand,clothes food phone rose sun wall printer paper shoe hand,0.8116249369725741,0.9094503623764062,0.8942722142209717,0.7873880283993029,0.9844974692629803,0.877446602246447
R_3HvNknXeL41RPyI,18,Male,240.036,1.4,1.4,1.4,0,0,0,1,1.2,1.1,5.05769230769231,3.94230769230769,5.05769230769231,81.987673968875,10,magic,chopsticks,pot,computer,air,dumbbells,hair,bully,flood,keys,magic chopsticks pot computer air dumbbells hair bully flood keys,0.8706204714231044,0.9301939652284261,0.9053288260103296,0.9409968081733835,0.993292108519253,0.9280864358708992
R_Os3kcjjJy5JZbot,18,Male,240.092,2.4,2,2.2,1.2,0.6,0.9,3.6,3.4,3.5,6.14285714285714,5,6.14285714285714,80.6500715514024,10,cat ,city ,iceberg ,robot ,video ,bottle ,glasses ,passport ,money ,sun ,cat  city  iceberg  robot  video  bottle  glasses  passport  money  sun ,0.8423006198100609,0.9411611446142413,0.9140296167746103,0.8760482940491002,0.9969868684350734,0.9141053087366172
R_3IcSwPn86u1wNfH,19,Female,240.012,0.4,0.6,0.5,0.4,0.4,0.4,1,0.8,0.9,4.13725490196078,2.64705882352941,4.13725490196078,83.4106144628355,9,thief,movie,milk,Italy,river,tram,home,artwork,underwear,bee,thief movie milk Italy river tram home artwork underwear bee,0.8497792766623935,0.9204984267771749,0.919006527345543,0.9173604710276664,1.0078635226983557,0.9229016449022268
R_1QzjOBkKpcwdouX,21,Male,240.119,2.8,3,2.9,2,0.2,1.1,4.6,4.8,4.7,6.34615384615385,5.23076923076923,6.34615384615385,86.0587614588439,10,apple,guitar,ant,multiply,baptism,waste,paradigm,cleaver,enzyme,elevator,apple guitar ant multiply baptism waste paradigm cleaver enzyme elevator,0.9202004826508616,0.92737205798042,0.9336911031155011,0.9597410405131922,1.0109058914175926,0.9503821151355135
R_2CxBMXYbRDng1Cu,20,Male,240.012,2.6,2.4,2.5,1.2,0.4,0.8,3.8,3.4,3.6,6,4,6,73.8413839822724,10,hammer ,snow ,window ,phone ,light ,speaker ,mirror ,cloth,clouds ,coffee ,hammer  snow  window  phone  light  speaker  mirror  cloth clouds  coffee ,0.8284097020500064,0.9033676675517133,0.9087820387240598,0.8422967341742562,0.9808610532149284,0.8927434391429928
R_1nVfHVldRxIjhME,20,Male,240.14,4.6,4.6,4.6,2,2.6,2.3,7.4,7.4,7.4,4.63829787234043,3.31914893617021,4.63829787234043,83.4500654822304,8,Cake,Holocaust,Aliens,Syphillis,Frying pan,Transplant,Addict,Diarrhea,Toenail,Lats,Cake Holocaust Aliens Syphillis Frying pan Transplant Addict Diarrhea Toenail Lats,0.8948576880300231,0.8827758402079128,0.9056968830838674,0.9446237657105033,0.9655174974016968,0.9186943348868006
R_1GU34Ytx4Nrn9mk,19,Female,240.105,1,0.6,0.8,0.4,0,0.2,1,0.8,0.9,7,7,7,69.1043767191115,10,bottle,finger,cloth,eye,beautiful,happy,house,book,mother,love,bottle finger cloth eye beautiful happy house book mother love,0.7443939798602738,0.9030879232992107,0.8821197096866082,0.7687811399392416,0.9862036636783386,0.8569172832927345
R_3Pz3LTzA3ez7VIL,19,Male,240.159,1.8,2.4,2.1,0.8,0.8,0.8,6.2,6,6.1,4.97560975609756,3.36585365853659,4.97560975609756,76.377168013936,10,cup,plant,animal,person ,plane,computer,park,vegetable ,vehicle ,window,cup plant animal person  plane computer park vegetable  vehicle  window,0.8418996792261809,0.9138466623495003,0.8967589647884278,0.8233458242969751,0.9902259311066186,0.8932154123535405
R_3HwvfbQwcauCywA,20,Male,240.022,0.8,1,0.9,0.4,0,0.2,4.8,4.2,4.5,5.50877192982456,4.21052631578947,5.50877192982456,78.4866423479148,10,School,grass,dungeon,drink,movie,street,bird,phone,window,Dinner,School grass dungeon drink movie street bird phone window Dinner,0.8144432014106122,0.9222449953564513,0.9152602296477221,0.8623080546439341,0.991745814348346,0.9012004590814131
R_27VS62PufWRly0I,18,Female,240.012,6,5.6,5.8,4,1.8,2.9,7.6,7.2,7.4,5.54545454545455,3.27272727272727,5.54545454545455,82.5026969824519,9,caterpillar ,fame,castle ,gum,crop top ,fog ,smile ,gold,vampire ,truth ,caterpillar  fame castle  gum crop top  fog  smile  gold vampire  truth ,0.8696671779541589,0.9423183438128921,0.9308156235151726,0.9274126813830559,0.9831136839064982,0.9306655021143555
R_2CBYQ45bij9LSOf,19,Male,240.07,2.8,3.6,3.2,0.8,1.2,1,5.4,5,5.2,5.19642857142857,3.82142857142857,5.19642857142857,81.7578749598137,10,Technology,Country,Happiness,Time,Voltage,Iron,Captivate,Hair,Special,Rain,Technology Country Happiness Time Voltage Iron Captivate Hair Special Rain,0.8534970538729921,0.9217001316072719,0.9249091107759928,0.8926922995091455,0.9989079597094955,0.9183413110949796
R_2CVO2nRaBNVLnNM,25,Male,240.143,4.6,4.4,4.5,3.4,1.4,2.4,5.8,6.4,6.1,NA,NA,NA,74.9434858915352,9,lamp,dylan,book,giraffe,spider,pen,cloth,painting,toe,sticker,lamp dylan book giraffe spider pen cloth painting toe sticker,0.8371196386594324,0.9009017346913857,0.886266878869234,0.8761814641743246,0.9988720177083384,0.899868346820543
R_1kOeivr9du3yxeL,19,Male,240.103,0.2,0,0.1,0,0,0,3.2,2.8,3,5.16666666666667,3.66666666666667,5.16666666666667,82.6732176755156,10,Table,Ocean,Star,Whistle ,Phone,Antenna ,Grass,Bus,Chalk,Curtain ,Table Ocean Star Whistle  Phone Antenna  Grass Bus Chalk Curtain ,0.8633725847520046,0.9148341394933919,0.9195337478708523,0.8816480067579424,1.0055406762222232,0.9169858310192829
R_31SBTKhILqUTycs,18,Female,240.014,0.4,0.8,0.6,0,0.2,0.1,7.8,6.8,7.3,5.2,4.4,5.2,77.5346749595233,10,cup ,knife ,tree ,friend ,cigarette ,meat ,ship,star ,tiger,snow ,cup  knife  tree  friend  cigarette  meat  ship star  tiger snow ,0.8122530863956273,0.9289967947402407,0.9153327509301336,0.865913842042775,0.9815186926832745,0.9008030333584103
R_11iPg2DCONOzSIB,19,Female,240.021,0.2,0.2,0.2,0.6,0,0.3,1,0.8,0.9,NA,NA,NA,77.6769087782928,10,table,family,girl,cat,wallet,fork,grace,tablet,charger,book,table family girl cat wallet fork grace tablet charger book,0.8126578129246685,0.900578622482062,0.9014562095262081,0.8749892188101849,0.9861691938458663,0.895170211517798
R_2zU4W74bqPFjHRJ,19,Male,240.064,2.2,2,2.1,0.8,0.8,0.8,4.2,4,4.1,4.25454545454545,2.98181818181818,4.25454545454545,79.4454675921727,10,hat,tree,fig,paper,radio,stairs,door,number,thumb,road,hat tree fig paper radio stairs door number thumb road,0.847689141919389,0.9092352284718831,0.9138353298353872,0.867035906232426,0.9966243112789932,0.9068839835476157
R_3GDkXCpgoMWGQJV,20,Female,240.043,1.2,1,1.1,0.2,0,0.1,1,1,1,NA,NA,NA,72.4067637608165,10,justice,beauty,envy,appetite,idea,sorrow,luxury,right,generosity,nap,justice beauty envy appetite idea sorrow luxury right generosity nap,0.8151828702893268,0.8980652046368387,0.89663656508461,0.8676856502753021,0.9722673340835541,0.8899675248739263
R_1qV5cYRJbOoW3Hh,18,Female,240.038,4.4,4.6,4.5,2.2,1.8,2,5.4,5.4,5.4,5.46153846153846,4.25,5.46153846153846,76.3221163125265,10,book,bag,plane,water,skin,dog,cloud,curtain,gun,mountain,book bag plane water skin dog cloud curtain gun mountain,0.8101310273049315,0.9253977441337449,0.8957325213319747,0.8075585277850986,1.0078519047444905,0.8893343450600479
R_3lWDAmn6NjJx5yK,19,Male,240.116,0,0.4,0.2,0,0,0,1,0.8,0.9,1,1,1,69.0797237235875,10,stick,hand,essay,time,water,ice,house,road,onion,dog,stick hand essay time water ice house road onion dog,0.8045292886753352,0.9292921595714165,0.9178934672799706,0.8074674638312901,0.9879201615095562,0.8894205081735137
R_wYGE2WR8Icx9RWV,18,Male,240.117,3.2,3.6,3.4,1.6,1,1.3,5.4,5.2,5.3,4.44444444444444,3.11111111111111,4.44444444444444,76.6562290489674,10,phone ,fox ,car,home ,flight ,slave ,movie ,wallet ,box ,doctor ,phone  fox  car home  flight  slave  movie  wallet  box  doctor ,0.7751619969485624,0.9171582867719653,0.881215718483072,0.8132506736798282,0.9925553000411294,0.8758683951849114
R_3ESXJoiAqIqZqYj,NA,Female,123.097,0,0,0,0,0,0,17.4,13.4,15.4,4.14285714285714,2.76190476190476,4.14285714285714,75.377661273593,10,change,kill,grill,arrange,stab,bury,sing,cry,stop,fix,change kill grill arrange stab bury sing cry stop fix,0.7248596054534527,0.887749742850642,0.8701114348537072,0.8386129823590744,0.9843133577172306,0.8611294246468214
R_1LLEYbxIQ8o9eCn,18,Female,240.016,4.4,3.8,4.1,2.6,0.6,1.6,1,1.6,1.3,6.09090909090909,4.96969696969697,6.09090909090909,80.5807210859798,10,Kettle,Scissors,Laptop,Dress,Foot,Tree,Church,Chicken,Water,Violin,Kettle Scissors Laptop Dress Foot Tree Church Chicken Water Violin,0.8480405805195527,0.9225277158125323,0.9143755836882861,0.8810884076053874,0.9936432862064658,0.9119351147664447
R_3oQG1ex74pvVvyo,18,Female,240.008,6,5.6,5.8,3,2.2,2.6,8.4,8.2,8.3,5.49122807017544,4.15789473684211,5.49122807017544,84.1530555532136,10,Hot,Unicorn,Preschool,Foot,Ham,Platypus,Tent,Computer,Forest,Friend,Hot Unicorn Preschool Foot Ham Platypus Tent Computer Forest Friend,0.8709953294770307,0.9378907671624129,0.9278697179458023,0.9432107298031648,0.9962412473700053,0.9352415583516832
R_1Nn3fTpUIYhlcT7,18,Female,240.014,4,3.8,3.9,1,1,1,9.8,9.4,9.6,5.42857142857143,4.06122448979592,5.42857142857143,76.8365192271414,10,Fence,Pen,Pot,Light,Frame,Phone,Star,Alcohol,Tissue,Perfume,Fence Pen Pot Light Frame Phone Star Alcohol Tissue Perfume,0.8529369943996078,0.928668099279064,0.9369168402801761,0.8921636635327143,0.9940383903025701,0.9209447975588265
R_2rNEWsuT0kxNVGa,19,Female,240.013,3,4,3.5,1,1.2,1.1,1,2,1.5,6.2,4.6,6.2,78.8048121191207,10,CHAIR ,HEART ,SHOE ,PLANT ,COKE ,BREAD ,BACKPACK,MIRROR ,CHARGER,TAMPON ,CHAIR  HEART  SHOE  PLANT  COKE  BREAD  BACKPACK MIRROR  CHARGER TAMPON ,0.849567475581364,0.8987143831031897,0.8983176860467431,0.9251743495633432,0.9946498261436361,0.9132847440876553
R_w7C88njLVRiccKJ,19,Female,240.064,3.2,3.4,3.3,0.6,0.8,0.7,4,4.2,4.1,6.13157894736842,5.15789473684211,6.13157894736842,77.9419950431301,10,dog ,car,coffee,tissue,wire,ink,stone,frame,fork,app,dog  car coffee tissue wire ink stone frame fork app,0.8582726184238638,0.9075508513905637,0.9079126928907734,0.8779906662207885,0.9812232718652162,0.9065900201582411
R_Rkxsu2xz5ZsFpCN,20,Female,240.012,0.4,0.8,0.6,0.4,0.2,0.3,1,1,1,NA,NA,NA,85.6736751639151,9,handicapped,moon,bracelet,Plant,dynamic,intricate,hippo,Sakya,incantation,sorcery,handicapped moon bracelet Plant dynamic intricate hippo Sakya incantation sorcery,0.9152322770583603,0.9116340315999322,0.9174820074673085,0.9722515779490568,0.9887973773007008,0.9410794542750717
R_7Uj6WgomSIDf71f,19,Female,240.11,2.2,2.6,2.4,0.4,0.2,0.3,1,1.6,1.3,4.46428571428571,3,4.46428571428571,76.7318085900375,10,cat,desk,bed,phone,peanut,email,tank,lipstick,plastic ,pole,cat desk bed phone peanut email tank lipstick plastic  pole,0.8307997960221676,0.90528039227425,0.8914373882434719,0.8687678740382876,0.9973102781713288,0.8987191457499012
R_VUWWfIAt7oOX8Ih,18,Female,240.018,1,0.6,0.8,0.8,0.4,0.6,1,0.8,0.9,5.81081081081081,4.67567567567568,5.81081081081081,74.3185602483295,10,cat,tennis,girl,feet,blanket,fruit,rain,pole,glue,tank,cat tennis girl feet blanket fruit rain pole glue tank,0.8326090356977766,0.9351862749300404,0.9061843120892801,0.8670216790288612,1.0044527269376065,0.9090908057367129
R_2uDTKSt0YRwp6yG,18,Female,241.876,1,0.4,0.7,0.2,0,0.1,13.6,11.2,12.4,5.62068965517241,4.13793103448276,5.62068965517241,81.0560215796743,10,chair,factory,planet,toothbrush,perfume,kettle,leaf,brick,handbag,violin,chair factory planet toothbrush perfume kettle leaf brick handbag violin,0.856485830898013,0.9133404932226294,0.9072571868321576,0.8967547058106184,1.002083271440732,0.91518429764083
R_2tlo4VFp3jLL9bW,23,Male,240.197,1.4,1.6,1.5,0,0.2,0.1,1.2,1.4,1.3,5.5,2,5.5,74.3256116197223,10,word,bread ,table ,wax,oxygen,water,electricity,engineering,books,displayer,word bread  table  wax oxygen water electricity engineering books displayer,0.8650908991546753,0.919781990876609,0.909582603011366,0.8458559384305826,0.9904768751013733,0.9061576613149214
R_tXxUuvMyliM6u8F,18,Female,241.238,0.8,0.8,0.8,0,0,0,5.8,5.2,5.5,5.625,4.425,5.625,78.6917328124955,10,table,jumper,scissors,red,hospital,tree,shout,job,painting ,winter,table jumper scissors red hospital tree shout job painting  winter,0.8515748031935613,0.9453505611465168,0.925461499798654,0.8848222876711364,1.0151708654329292,0.9244760034485594
R_1OqTuUnlt7jMVok,18,Male,240.112,3,2.8,2.9,1.6,0.4,1,1,1.4,1.2,6.56,5.48,6.56,83.6118934587354,10,orange,universe,homework,circuits,key,shirt,marker,anime,style,aesthetic,orange universe homework circuits key shirt marker anime style aesthetic,0.8990101096792456,0.8871996050048321,0.9309491996797267,0.9055947330256499,0.9820395813684738,0.9209586457515856
R_3QP3EGfTI63jf7r,18,Female,240.016,5.2,5.4,5.3,3.8,3,3.4,7.6,7.2,7.4,5.74576271186441,4.06779661016949,5.74576271186441,80.3720969884169,10,chair,fan,street,candle,order,music,notebook,survey,hair,pizza,chair fan street candle order music notebook survey hair pizza,0.8733320674887659,0.929067966380659,0.9246676297716789,0.8879261558384746,1.0010875593818849,0.9232162757722927
R_2czlZGKw7PzNf17,19,Female,240.067,0.6,0.8,0.7,0,0,0,1,1,1,7,6.5,7,74.3858852911563,9,school,boy,sally ,cat ,book ,painting ,window ,sock,motorbike ,bedsheet ,school boy sally  cat  book  painting  window  sock motorbike  bedsheet ,0.7968464704289148,0.9080974229178498,0.865808048833279,0.8706434697645418,0.9892168097317406,0.8861224443352652
R_1QG7fLojpdI3wDh,20,Male,240.133,3.6,4.4,4,0.8,0.8,0.8,4.6,5.2,4.9,6.35483870967742,5.54838709677419,6.35483870967742,75.2687547178495,9,Tiger,Bench,Plane,Clown,House,Tree,Bag,Suit,Crate,Flor,Tiger Bench Plane Clown House Tree Bag Suit Crate Flor,0.8197077893253368,0.913485843106205,0.9125996463943922,0.8991964253455726,0.9912510430910199,0.9072481494525053
R_3EQCOl8sO0qdQay,18,Male,240.017,2.2,2.4,2.3,1,0.4,0.7,3,3,3,NA,NA,NA,72.2998673717181,8,Cat,Phone,Glasses,Bottle,Airpods,Keys,Cheetos,Wall,Girl,wallet,Cat Phone Glasses Bottle Airpods Keys Cheetos Wall Girl wallet,0.7066414024842327,0.8737756920850768,0.8477353652203543,0.8300390324563691,0.9919481830149426,0.8500279350521952
R_3KD5TsnGYCCbc21,19,Female,240.122,1.6,2.8,2.2,0,0.8,0.4,1,1.6,1.3,5.5,4.14285714285714,5.5,86.294140616831,9,ocean ,peanut ,earring ,road,gold ,pangolin ,jumper,brussel sprout ,license ,arm,ocean  peanut  earring  road gold  pangolin  jumper brussel sprout  license  arm,0.8771294526606713,0.8741462339068634,0.9088503796906915,0.9574243555140384,0.9925423393123676,0.9220185522169265
R_32QjU1rNdWfVmEr,20,Female,240.141,1,0.8,0.9,0.2,0.2,0.2,1,1,1,4.4,3.13333333333333,4.4,79.9627254584006,9,Pillow,Spain,Dessert,Earring,Lentil,Goddess,Party,Machine,Mat,Chip,Pillow Spain Dessert Earring Lentil Goddess Party Machine Mat Chip,0.855412682085877,0.909979162226435,0.9051240895023327,0.9561007906888529,0.9813858082280353,0.9216005065463065
R_30oOGgwQhskSVx5,19,Female,240.116,0.2,0.4,0.3,0,0,0,1,0.8,0.9,NA,NA,NA,76.067732522885,10,apple,laptop,chair,tape,ladder,ball,blanket,pool,case,digestion,apple laptop chair tape ladder ball blanket pool case digestion,0.8414072428159729,0.9159093406835972,0.9177410203614524,0.8926936881450328,0.9990933681082147,0.913368932022854
R_56Ir4VQmB7cUv6h,20,Male,240.016,2.8,3.8,3.3,1.4,0.4,0.9,3.6,4.4,4,4.97959183673469,3.44897959183673,4.97959183673469,82.487615197897,10,map,picnic,champagne,socks,mouse,numbers,photographs,brackets,net,love,map picnic champagne socks mouse numbers photographs brackets net love,0.8981872977939026,0.9412362677475059,0.9268173248572705,0.9036305368578907,0.9954092416160354,0.9330561337745211
R_2SAGrvhHtRSRAYl,19,Male,240.012,2.6,2.6,2.6,1,0.8,0.9,1.4,1.6,1.5,6.73913043478261,5.21739130434783,6.73913043478261,73.5542078812917,9,cat,mug,earth,bottle,hand,brain,university,book,song,power cord,cat mug earth bottle hand brain university book song power cord,0.8423028456232587,0.9291836874551108,0.8969237885262002,0.8493566323442605,0.995363887307504,0.9026261682512668
R_3qqctFf5omYEUGB,19,Female,121.868,2.6,3.4,3,2.2,2.6,2.4,4,4,4,5.57894736842105,4,5.57894736842105,73.0351157841228,8,TV,cup,water,dog,love,pain,ring,pen,car,OCD,TV cup water dog love pain ring pen car OCD,0.8110817154405473,0.9261964009067964,0.9125936217623348,0.8723074330840975,0.9964749894904337,0.9037308321368419
R_3EF3KinWKNbfWwg,19,Female,480.189,2.4,3.4,2.9,0,0.6,0.3,2.6,3.4,3,6.025,4.675,6.025,77.065295584145,10,towel,building,planet,cloud,horse,paint,hat,figurine,knob,wheat,towel building planet cloud horse paint hat figurine knob wheat,0.8581747935836864,0.9094568690509688,0.9030170606592081,0.9090985202678052,0.9908022737913602,0.91410990347060594
R_1eOTVWzCB5WmXDf,19,Male,240.02,0.4,0.8,0.6,0.4,0,0.2,1,1,1,NA,NA,NA,79.0457424308572,10,boat,apple,bookcase,cave,ankle, cane,candy,church,fish,wealth,boat apple bookcase cave ankle  cane candy church fish wealth,0.8594388048820426,0.9213297574818542,0.9090911693422551,0.9155319382718137,1.0057085768988023,0.9222200493753536
R_1jjntrHs9N2sxVy,19,Female,240.011,0.6,1.2,0.9,0,0.4,0.2,3.2,2.8,3,5.03571428571429,3.92857142857143,5.03571428571429,80.3448517762479,8,dog,time,abestos,car,pink,facebook,leaf,atom,Maria,grade,dog time abestos car pink facebook leaf atom Maria grade,0.8504983762029072,0.9440680692533279,0.9425407106056286,0.8945619432236122,1.0055755615887587,0.9274489321748469
R_pPKxSKujVx5OZoZ,19,Male,55.106,3.2,3,3.1,0.6,1,0.8,4,4,4,5.55263157894737,4.47368421052632,5.55263157894737,79.9860929449399,10,table,building,apple,photo,music,anxiety,watch,bandage,nail,crocodile,table building apple photo music anxiety watch bandage nail crocodile,0.8815332809237227,0.9525358374223897,0.9350683929764028,0.8989510090981041,0.9966342509371514,0.9329445542715542
R_1mKMp5cbgWlFe6y,19,Male,241.966,2.2,2.2,2.2,0.2,0.2,0.2,1,1.4,1.2,5.38775510204082,4.26530612244898,5.38775510204082,78.4020775130817,10,food,book,phone,bottle,screen,ball,university,pen,nose,friend,food book phone bottle screen ball university pen nose friend,0.8246289660381793,0.9261861650911921,0.894471090340217,0.8148865713291534,0.9973990504703725,0.8915143686538229
R_10ZeYIp9NkIQee1,20,Female,240.016,2,3,2.5,0.4,1.4,0.9,6.4,6,6.2,5.01694915254237,3.74576271186441,5.01694915254237,78.6839561448211,10,Chair,Tree,Boat,Clothes,Television,Bike,Register,Floor,Cape,Eyes,Chair Tree Boat Clothes Television Bike Register Floor Cape Eyes,0.8472546958273398,0.9278483530606817,0.917293099341157,0.8528488565482973,1.0072307438244783,0.910495149720391
R_C3Ka04me6g7JNBv,20,Female,240.115,2,1.6,1.8,1,1,1,1,1,1,4.72881355932203,3.32203389830508,4.72881355932203,76.8082984146618,10,cat,toilet,rug,cement,speaker,flower,bottle,finger,stairs,glass,cat toilet rug cement speaker flower bottle finger stairs glass,0.8116928643557233,0.9075569196374985,0.8770283877816057,0.843122301274974,0.9604628140847423,0.8799726574269087
R_0OFc88MvnIr6GHf,19,Female,241.298,5.4,5.4,5.4,3,1.4,2.2,8.6,8.2,8.4,5.40909090909091,3.95454545454545,5.40909090909091,78.2302415087109,10,DOG,GLASS,FLOWER,UNIVERSITY,WATER,LAPTOP,SONG,STAIRS,LIGHT,POLE,DOG GLASS FLOWER UNIVERSITY WATER LAPTOP SONG STAIRS LIGHT POLE,0.8550677959254394,0.9330484034582076,0.9044155949191912,0.8588120031222941,0.9945774712287981,0.909184253730786
R_rdT29EFMNUds4JX,19,Male,240.177,0.6,0.8,0.7,0,0,0,1,1,1,7,7,7,69.3978443741798,10,Dark,Hot,Slow,Tall ,Stupid,Air,Brick,Power,Help,Chase,Dark Hot Slow Tall  Stupid Air Brick Power Help Chase,0.7763073923154561,0.9184421583416015,0.9051442338960333,0.834786803209101,1.0048076154228756,0.8878976406370136
R_r7MmDhBReWZxjDr,19,Female,240.158,5.2,6,5.6,2.4,2,2.2,7,7,7,5.94117647058824,4.76470588235294,5.94117647058824,79.7849377705937,9,bottle,lip,frisbee,tram,sugarcane,ice,rice,scar,zipper,sunflower,bottle lip frisbee tram sugarcane ice rice scar zipper sunflower,0.868805165532501,0.9055914612337144,0.9083199565116407,0.9334874499754076,0.9771247337934296,0.9186657534093386
R_2QDMWsLFcLIOv7E,19,Female,240.093,0.8,1.4,1.1,0,0.2,0.1,1,1.2,1.1,4.5,4,4.5,66.4607668206805,10,cold ,hot ,exciting ,boring ,alive ,dead ,fantasy ,real life ,hard ,soft ,cold  hot  exciting  boring  alive  dead  fantasy  real life  hard  soft ,0.7062512067337441,0.8783548949866751,0.864840417057468,0.7456257697840596,0.9281186043167385,0.8246381785757372
R_6PxDQchSfZtrdFD,18,Female,240.205,2.4,2,2.2,0.8,0.6,0.7,3.8,3.2,3.5,6,5,6,85.9001487848304,9,azure,banana,chair,candle,footpath,socket,galaxy,scarf,llama,pencilcase,azure banana chair candle footpath socket galaxy scarf llama pencilcase,0.894671731900696,0.8727811043835858,0.9295037428496834,0.936913769296611,1.0021494053454194,0.9272039507551991
R_2uJQSrjDYbwyMAa,20,Female,240.144,0.4,0.8,0.6,0,0.4,0.2,3.4,3,3.2,NA,NA,NA,56.9214937942369,10,heart,useless,annoying,tired,happy,sleepy,boring,itchy,yawing ,pretty,heart useless annoying tired happy sleepy boring itchy yawing  pretty,0.7440263199085022,0.8620717604410314,0.810560778454692,0.7887771796122806,0.9675219210616097,0.8345915918956232
R_3qe330UNF3q5Wka,18,Female,240.034,6.6,6.6,6.6,4.6,3.8,4.2,11.6,10.8,11.2,5.8936170212766,4.72340425531915,5.8936170212766,77.5929391384125,10,sky,brush,door,can,vein,castle,deer,public,cucumber,laser,sky brush door can vein castle deer public cucumber laser,0.885547821313152,0.9294955037886745,0.9419841065758514,0.8984853111503807,1.0028275767287071,0.9316680639113532
R_3Ra6728JTMyhl1n,19,Female,240.026,1,1,1,0,0.2,0.1,1,1,1,5.33333333333333,4.41666666666667,5.33333333333333,78.3342834251622,10,sun,table,hammer,scarf,flower,glasses,scrunchie,path,canyon,lion,sun table hammer scarf flower glasses scrunchie path canyon lion,0.8421617893984443,0.9088743128484791,0.9262841108201384,0.8814148796817883,1.001349047726674,0.9120168280951049
R_RDYh7yyqT531Udj,19,Female,240.052,0.2,0.6,0.4,0.2,0,0.1,2.6,2.4,2.5,NA,NA,NA,76.2009606652316,8,house,ship,island,cartier,Fiji,harry,couch,noodle,pool,ball,house ship island cartier Fiji harry couch noodle pool ball,0.8261981323666351,0.9124518745243532,0.9012461370769405,0.9110422900899374,1.0008734899781657,0.9103623848072063
R_7OMfFZJ2lhQ3bsB,19,Female,240.221,0,0.2,0.1,0,0.4,0.2,1,0.8,0.9,6,4.33333333333333,6,74.9647428592046,10,Glass,Sky,Peace,Bottle,Pants,Key,Leave,Light,Black,Bee,Glass Sky Peace Bottle Pants Key Leave Light Black Bee,0.8129462508443984,0.9181983563810061,0.9226735290586783,0.8400883622356805,0.9974785476097897,0.8982770092259106
R_1JJy1ZxuYpj551T,31,Male,240.029,7.2,7.4,7.3,6,4,5,8,9.8,8.9,6.04545454545455,4.81818181818182,6.04545454545455,86.077626138216,10,Giraffe,Boat,Cabinet,Tooth,Lychee,Phone,Boulder,Plasma,Watercolour,Collision,Giraffe Boat Cabinet Tooth Lychee Phone Boulder Plasma Watercolour Collision,0.910770216598463,0.8969945081606118,0.9408172583252898,0.9855490156182839,1.0054172297002684,0.9479096456805834
R_rjLReAvCCPKeTgl,19,Female,241.487,0.6,0.4,0.5,0.4,0,0.2,1,1,1,4.42105263157895,3.42105263157895,4.42105263157895,72.2835212591149,10,lamp,banana,trampoline,pool,umbrella,ball,tree,bread,eye,bird,lamp banana trampoline pool umbrella ball tree bread eye bird,0.805564618974929,0.8867521203526149,0.8863992206732765,0.8662380523047055,0.9965687933018511,0.8883045611214755
R_2zcq2Vpol53pPnr,19,Female,240.043,0.4,0.8,0.6,0,0,0,1,1,1,4.60714285714286,3.32142857142857,4.60714285714286,81.8698659539223,9,bed,rainbow,page,significant,psychology,butterfly,shower,hotel,jacket,instagram,bed rainbow page significant psychology butterfly shower hotel jacket instagram,0.8887063700458326,0.9374044182386936,0.9303958119326772,0.9234135688069146,0.9858077878583748,0.9331455913764986
R_usTPkwNLSMXTglj,19,Female,129.521,1.6,2.6,2.1,0.6,0.6,0.6,8.4,8.2,8.3,5.2037037037037,3.46296296296296,5.2037037037037,84.0715178332868,10,butterfly,gun,shoe,volcano,penguin,receptionist,watch,trashcan,book,headphones,butterfly gun shoe volcano penguin receptionist watch trashcan book headphones,0.865341138849701,0.9178463311506911,0.9097085495376641,0.9514209269702395,1.0122612822424095,0.931315645750141
R_10NI33Alr89mT9C,19,Female,251.561,0,0.2,0.1,0,0,0,7.8,6.4,7.1,5.84210526315789,4.63157894736842,5.84210526315789,73.5390021687462,10,car,book,leaf,electricity,house,moon,water,light,worm,metal,car book leaf electricity house moon water light worm metal,0.828419638909343,0.9017577475511365,0.8952226036264372,0.8196603458619842,0.9909819018209427,0.8872084475539687
R_1Ia5MIIrptEGodv,20,Female,240.038,2.2,2,2.1,1.6,1,1.3,3.8,4,3.9,3.76666666666667,2.13333333333333,3.76666666666667,65.6457886099815,10,water,mirror,fish,flower,sky,ocean,milk,pizza,hotpot,lipstick,water mirror fish flower sky ocean milk pizza hotpot lipstick,0.790388498753894,0.8593126423443099,0.8573756909106299,0.8628095906191237,1.0056334941949348,0.8751039833645784
R_1Km9BTXRFNQ3ja9,18,Female,240.14,1.8,2.4,2.1,0.2,0.4,0.3,1,1.6,1.3,6.41176470588235,5.29411764705882,6.41176470588235,73.5712399262758,8,car,Africa,cat,phone,Alex,doll,photo,giraffe,laptop,ball,car Africa cat phone Alex doll photo giraffe laptop ball,0.8112746771524318,0.8947379489081381,0.8804232448383411,0.8646127042540495,0.988510033591818,0.8879117217489558
R_3fYLqjCijfMkEEq,19,Female,240.024,5.8,5.4,5.6,5.2,2.8,4,12.6,11.2,11.9,5,3.48571428571429,5,81.0463264229752,9,tree,pants,nail,computer,de ja vu,mood,stars,gold,glue,talking,tree pants nail computer de ja vu mood stars gold glue talking,0.8731787680193497,0.9435911766099756,0.9388112084299686,0.9221343391883466,0.9937403491798075,0.9342911682854895
R_3fcqAUzOIyf54Sn,19,Male,240.008,3.2,2.8,3,2.2,0.8,1.5,7.8,6.8,7.3,5.58823529411765,3.94117647058824,5.58823529411765,84.0324764982576,10,planet ,broccoli ,fridge ,scaffold,salt ,money ,rose ,light ,roof,diamond,planet  broccoli  fridge  scaffold salt  money  rose  light  roof diamond,0.8535227428850789,0.9272106376627688,0.9181929944663467,0.9192750111514074,0.9994598763757223,0.9235322525082648
R_3mdGcQzCHXpf7J7,20,Female,240.009,3.8,4,3.9,2,2.6,2.3,6,5.8,5.9,4.89285714285714,3.55357142857143,4.89285714285714,85.3159922086412,10,car,squid,movie,polish,coriander,supermarket,soccer,wine,queen,bush,car squid movie polish coriander supermarket soccer wine queen bush,0.8647103675340441,0.9281255318519562,0.9143834192656397,0.9141000646551471,1.0018699724577038,0.9246378711528982
R_3ixsb9gQArV5zst,19,Female,240.033,2,2.6,2.3,1.4,0.8,1.1,2.4,2.8,2.6,4.32142857142857,2.89285714285714,4.32142857142857,81.9085104878814,10,hands,earphones,bags,mother,bedroom,pilot,battery,landscape,travelling,building,hands earphones bags mother bedroom pilot battery landscape travelling building,0.8540009726727033,0.9354768001239803,0.9226209243633805,0.8871198623311843,0.9896747085819773,0.9177786536146451
R_31Qz1KubGXNUHt0,18,Female,240.034,2.6,2.6,2.6,1.2,1.4,1.3,1.4,1.4,1.4,5.27777777777778,4.11111111111111,5.27777777777778,79.9770271139486,10,Phone ,Book ,Run ,Makeup ,Sleep ,Car,Racism ,Construction ,Cat,Idea,Phone  Book  Run  Makeup  Sleep  Car Racism  Construction  Cat Idea,0.8229719268956024,0.9286902324149042,0.9347999848692383,0.8400448550943731,1.0039167790038825,0.9060847556556002
R_1kTQKDpdagTEQSH,18,Female,43.407,0.8,1.2,1,0.6,0.2,0.4,1,0.8,0.9,NA,NA,NA,78.1303964555264,10,Base,Cloud,Chair,Foot,People,Country,Chemist,Syringe ,Beach,Flavour,Base Cloud Chair Foot People Country Chemist Syringe  Beach Flavour,0.8726479546571613,0.9418670299287824,0.9390393778885018,0.9236071716338408,0.9937386724772383,0.9341800413171051
R_2Vwgh99XgAhCjzS,19,Male,240.184,0.2,0.2,0.2,0,0,0,3.8,3.2,3.5,4.55555555555556,3,4.55555555555556,79.2869501880237,10,apple,candle,house,microphone,aeroplane ,pillow,gas,maths,juice,bark,apple candle house microphone aeroplane  pillow gas maths juice bark,0.851727473168361,0.9270249322328433,0.8911748410388357,0.9209013222615037,0.9977263548076694,0.9177109847018426
R_w7xxOe7RBfsbyzn,19,Female,240.21,1.6,1.2,1.4,0.8,0.2,0.5,9.6,8.4,9,5.05769230769231,3.5,5.05769230769231,77.3771610997972,8,house ,calculator ,shoes ,technology ,water ,nails ,Australia ,dog,tennis ball ,tissues ,house  calculator  shoes  technology  water  nails  Australia  dog tennis ball  tissues ,0.8588934123702255,0.913036604808507,0.9025067063974758,0.8853773510365015,0.9861688402195204,0.9091965829664461
R_1Ea5c06Ec65c2br,18,Male,240.021,0.6,0.4,0.5,0.4,0,0.2,1,0.8,0.9,4.59649122807018,3.7719298245614,4.59649122807018,65.4922849365643,10,dogs,food,drink,furniture,people,plants,clothes,technology,sky,vehicles,dogs food drink furniture people plants clothes technology sky vehicles,0.81093461597296,0.8851842825962303,0.8756612047414698,0.7686969470170644,0.9877316798378108,0.8656417460331071
R_5vgc2uv8l6ynL7b,19,Male,240.117,0.2,0.4,0.3,0,0,0,1,0.8,0.9,5.07692307692308,3.94871794871795,5.07692307692308,77.7053952926681,10,cat,kiwi,ball,boat,throat,metal,flower,keyboard,hair,shoe,cat kiwi ball boat throat metal flower keyboard hair shoe,0.8358375997879989,0.9099437748879681,0.883936886212425,0.8314651305005805,1.0103978107174474,0.894316240421284
R_3MKdTdvAbEAiST0,19,Male,240.021,0,0.6,0.3,0,0.4,0.2,6.8,5.4,6.1,5.74418604651163,4.69767441860465,5.74418604651163,80.1800011346737,9,egg,Egypt,Computer,Tissue,Mammal,China,Air,Lava,Cello,Card,egg Egypt Computer Tissue Mammal China Air Lava Cello Card,0.8851677584438881,0.9092348583898479,0.9062426519757752,0.9170257386028702,0.9948152909459418,0.9224972596716647
R_3shR1JcmriJWaPZ,19,Female,240.016,0.4,0.8,0.6,0,0,0,1,1,1,5.31578947368421,4.26315789473684,5.31578947368421,83.109817228147,10,sock,sun,charger,nail,suitcase,singing,fat,pillow,lion,rice,sock sun charger nail suitcase singing fat pillow lion rice,0.8336674120685975,0.9212798124225279,0.9096660110299745,0.9145153976218835,0.9930643267906581,0.9144385919867283
R_3oYNFlDaHzXMgLC,19,Female,240.19,3.4,4,3.7,0.6,0.8,0.7,1,1.6,1.3,6.13636363636364,5.13636363636364,6.13636363636364,88.4839695967024,10,dog,janitor,mermaid,pants,acne,football,anthers,crayons,train,clown,dog janitor mermaid pants acne football anthers crayons train clown,0.8322674392926678,0.9140809690642047,0.8780313160814264,0.9292646615570362,1.0002503377882632,0.9107789447567196
R_31RzX2ez4i1cOwG,23,Female,241.536,0.4,1,0.7,0,0.6,0.3,1.8,1.8,1.8,4.41379310344828,2.98275862068966,4.41379310344828,59.4258524122692,10,food,knife,chef,plate,dinner ,meat,fruit ,cream,lemon,lime,food knife chef plate dinner  meat fruit  cream lemon lime,0.7438023413702357,0.834943991449153,0.8301882706286133,0.7226768207322689,0.8640919644721934,0.7991406777304928
R_ZxSM99JuQosGTJL,21,Female,240.035,7.2,7,7.1,6.8,4.6,5.7,11.2,10.4,10.8,5.38461538461539,4.01923076923077,5.38461538461539,83.4336046218162,10,table,punnet,crab,fist,sandwich,mirror,headphones,sprinkler,harvest,label,table punnet crab fist sandwich mirror headphones sprinkler harvest label,0.875513496262141,0.9035364485268573,0.9068202898386509,0.9157179130175872,0.9977209400608885,0.919861817541225
R_vc8dxOmYte50b9T,18,Female,241.021,1,1.2,1.1,0.6,0,0.3,4.8,4,4.4,NA,NA,NA,84.4066410724606,10,flower,couch,application,coaster,battery,country,wax,wine,nail,finger,flower couch application coaster battery country wax wine nail finger,0.880433480869761,0.9419994632105503,0.9267236337833423,0.9087846637667034,0.9807932416453832,0.927746896655148
R_2wyMYotQSWRaaXW,19,Male,240.04,0,0.2,0.1,0,0.6,0.3,8,6.4,7.2,4.525,3,4.525,80.615106828156,10,car,death,banana,balloon,politics,axe,water,mars,elite,mitosis,car death banana balloon politics axe water mars elite mitosis,0.8895437775421169,0.9282635660084612,0.9394934929303397,0.9346561432985436,0.9944342710440485,0.937278250164702
R_3nedSQtJIXg509h,18,Female,240.105,4.2,4.6,4.4,2.4,1.2,1.8,1,2,1.5,4.9811320754717,3.62264150943396,4.9811320754717,82.4123755984363,10,pig,box,chilli,night,fingernail,rose,bike,dollhouse,laptop,umpire,pig box chilli night fingernail rose bike dollhouse laptop umpire,0.8402636118707605,0.9241428068573041,0.8947710322885739,0.9618173166340377,1.0162909246042602,0.9274571384509873
R_We7kOB8tYcC6GTT,20,Male,240.061,4.8,5.2,5,3.4,3.2,3.3,1.2,2.2,1.7,5.36206896551724,4.24137931034483,5.36206896551724,79.440318296353,10,ball,house,pasta,reading,driving,code,hate,work,sprint,circus,ball house pasta reading driving code hate work sprint circus,0.8427824033032293,0.9375361550472111,0.9270323660019302,0.8794284089777471,1.0083444657330038,0.9190247598126243
R_1LUNBIuxVQZGk6L,19,Female,240.014,3,3.8,3.4,1.4,1.2,1.3,4.2,4.6,4.4,4.47368421052632,3.57894736842105,4.47368421052632,75.4781362556276,9,chair,book,butterfly ,coffee,computer ,tennis ,chocolate ,husky ,fire extinguisher ,clock,chair book butterfly  coffee computer  tennis  chocolate  husky  fire extinguisher  clock,0.8557951159093017,0.9271895432753143,0.9140302725052134,0.9069320638640997,0.9636195633136885,0.9135133117735235
R_2UhFH4Y7qdlhvgC,19,Female,240.009,4,5,4.5,2.2,2,2.1,9.6,10.2,9.9,5.14,3.84,5.14,83.1070785676794,9,Grace,Toilet ,Puppy,Education ,Hatred,Bicycle,Sandals,Rockstar,Junkyard ,Pink,Grace Toilet  Puppy Education  Hatred Bicycle Sandals Rockstar Junkyard  Pink,0.8617669815160311,0.9018160606271335,0.9111371822907296,0.9491290965141209,0.9907922155837684,0.9229283073063567
R_1dKOjjgDVogG8JQ,19,Male,240.174,1.4,1.4,1.4,0.8,0,0.4,5.4,4.4,4.9,4.96363636363636,3.72727272727273,4.96363636363636,76.8513535459836,10,food,ball,fence,chair,roads,pencil,mat,grass,chimney,pool,food ball fence chair roads pencil mat grass chimney pool,0.8415427079876641,0.8963587355417153,0.8897465572612823,0.8604618445068123,0.9767735086484695,0.8929766707891886
R_CkaDk4JwEJmCr1D,19,Female,240.015,8.4,7.6,8,6.2,3.8,5,11.8,11,11.4,5.15789473684211,3.71929824561404,5.15789473684211,85.7718860242693,10,light,country,bottle,agent,paprika,religion,boron,skunk,blackboard,slime,light country bottle agent paprika religion boron skunk blackboard slime,0.8779131446771861,0.9065130277391915,0.9212106564185841,0.9692761689805963,0.9935251506820107,0.9336876296995138
R_1l4tkrGVcUHgzLc,21,Male,240.008,0.2,0.6,0.4,0,0,0,1,0.8,0.9,5.85294117647059,4.23529411764706,5.85294117647059,69.5191305662904,10,man,animal,institutions,things,places,ideas,president,city,bedroom,shoe,man animal institutions things places ideas president city bedroom shoe,0.83467222532526,0.9010308981974491,0.9097939570153569,0.8122226110111666,0.9876265925560668,0.8890692568210599
R_Y93XFiWiPG3g58J,18,Female,240.042,0.2,0.4,0.3,0,0.4,0.2,1,0.8,0.9,NA,NA,NA,79.3845207341725,7,plato,she,zebra,alan,water,london,printer,cousin,grandpa,lawyer,plato she zebra alan water london printer cousin grandpa lawyer,0.8568661876523127,0.9528397984118696,0.9227096992635935,0.9241350103411491,0.9952964367013515,0.9303694264740553
R_23ZZIyLZIBJEheU,21,Female,240.075,0.8,0.8,0.8,0,0,0,1,1,1,5.30232558139535,3.76744186046512,5.30232558139535,75.2459561186177,10,notebook,pet,plant,food,laptop,device,book,shelf,phone,artwork,notebook pet plant food laptop device book shelf phone artwork,0.8307832768888135,0.8650589924969763,0.8661726437496129,0.8110572076066793,0.9962305395433056,0.8738605320570775
R_2SCAGoztKWLIanZ,19,Male,240.185,4.8,5.4,5.1,4.6,3.8,4.2,7.6,7.4,7.5,5,3.73684210526316,5,74.2917776107788,10,Chair,Hair,Bear,Traps,Book,Food,Clothes,Bag,Bottle,Cradle,Chair Hair Bear Traps Book Food Clothes Bag Bottle Cradle,0.822056319432973,0.9214338352190828,0.8928036617789417,0.8144498964181837,0.9803162302943419,0.8862119886287048
R_OeUCgvcgliSOoOl,19,Female,240.191,1.2,1,1.1,0.4,0,0.2,1,1,1,4.41025641025641,3.38461538461538,4.41025641025641,76.1898797892389,10,horse,mug,chair,storm ,grass,banana ,castle ,people,chocolate,book,horse mug chair storm  grass banana  castle  people chocolate book,0.8520711161174375,0.9427065991657436,0.9207644749312499,0.8834523776238637,0.9749801536144075,0.9147949442905405
R_2pLDvR3GvXCTb23,22,Female,240.092,0.2,0.8,0.5,0,0,0,6.4,4.2,5.3,4.65384615384615,3.34615384615385,4.65384615384615,78.9953298955446,9,water,paper,pen,labtop,glasses,charger,survey,chocolate,nut,house,water paper pen labtop glasses charger survey chocolate nut house,0.8395124353069942,0.9252195330428752,0.9135145504411257,0.8815708995371441,0.9924399630196161,0.910451476269551
R_22yuH45H5roZR5Z,21,Male,240.011,2.2,2.6,2.4,0.6,0.4,0.5,4.4,4.4,4.4,5.625,4.625,5.625,79.9547337350391,10,fire,eggs,laptop,black,ears,discipline,beer,song,cushion,religion,fire eggs laptop black ears discipline beer song cushion religion,0.8796653381607822,0.9484599282738175,0.9283262627521677,0.90921223283328,0.9966516366823837,0.9324630797404861
R_xl8V79qYyEXhuKt,19,Female,240.056,3.2,3.6,3.4,0.6,0.4,0.5,1,1.6,1.3,6.75,5,6.75,82.4596738797568,10,bucket,island,carrot,candle,speedometer ,peg,trophy,clock,binder,corkscrew,bucket island carrot candle speedometer  peg trophy clock binder corkscrew,0.8993990389110506,0.9234154263676532,0.8939821477647742,0.9351190931499721,0.9956404157922728,0.9295112243971445
R_3RmR5LvaKPYa25T,21,Male,240.021,0.4,1.4,0.9,0,0,0,8,7.2,7.6,4.63636363636364,3.47272727272727,4.63636363636364,75.015516313059,8,boring,exciting,thoughtful,insight,intelligence ,paranloia,dreamyness,regret,wiry,heartless,boring exciting thoughtful insight intelligence  paranloia dreamyness regret wiry heartless,0.8245927632980407,0.8905470699444987,0.8689627123096579,0.8785709796220058,0.9925376818141765,0.891042241397676
R_2s5ZkS0sKwXJj9C,18,Male,241.666,2.4,2.6,2.5,0,0.4,0.2,2.6,2.8,2.7,5.25,4.17857142857143,5.25,80.4109652127538,10,orange,city,cow,mirror,acid,student,bean,rock,snack,time,orange city cow mirror acid student bean rock snack time,0.8554630898560044,0.935809134634646,0.9214906232762105,0.8778736844941596,0.9917078713757262,0.9164688807273494
R_PHFfEp3TKbV6yVb,19,Male,240.113,1.8,2.2,2,0,0.4,0.2,3,3.2,3.1,6.2258064516129,5.29032258064516,6.2258064516129,78.1630673933597,10,tornado,terrace ,hurt,girl,time,electric,porch,tent,acrobat,winter,tornado terrace  hurt girl time electric porch tent acrobat winter,0.8411154427337895,0.919604235014651,0.9131311789793256,0.8969571858346315,1.008562739445154,0.9158741564015103
R_1gtlWwfYSunyOL6,20,Male,240.013,2.4,2.6,2.5,0.4,1,0.7,1,1.6,1.3,5.10169491525424,3.86440677966102,5.10169491525424,85.6289701702605,9,celebrity,toilet,buffet,thread,conjunctivitis,wedding,Jupiter,cheese,arrogance,flower,celebrity toilet buffet thread conjunctivitis wedding Jupiter cheese arrogance flower,0.8830818806050837,0.9313646450590588,0.9105534795579941,0.9435591505295596,0.9864734613291148,0.9310065234161623
R_3EtZlfmXgM3txJL,19,Female,240.04,3.6,3.8,3.7,2.4,1.2,1.8,5.4,5.2,5.3,5.01754385964912,3.85964912280702,5.01754385964912,87.3541606013619,9,whisk,window,gluestick,uncle,toenail,flower,calender,keyboard,tattoo,drill,whisk window gluestick uncle toenail flower calender keyboard tattoo drill,0.8810778607164098,0.9025175557912787,0.900782786433543,0.9409087262728012,1.000233592577296,0.9251041043582658
R_3Jldi0hEftOIdoh,19,Male,243.786,0,0.6,0.3,0,0,0,1,1,1,2,1.5,2,69.9582640968618,9,apple,watermelon,human,boy,gentalmen,black,dark,happiness,bird,dog,apple watermelon human boy gentalmen black dark happiness bird dog,0.7629676746468199,0.9058015114230118,0.864767909660735,0.8155254515628299,0.983368395513612,0.8664861885614016
R_Pvz0xQncBj5DcSB,18,Female,240.112,6.2,6.8,6.5,3.8,3.8,3.8,1,2.4,1.7,4.86792452830189,3.07547169811321,4.86792452830189,74.0195561022986,10,Glasses,Tree,Cat,Hair,Love,Fork,Painting ,Violin,Teacher,Bleach,Glasses Tree Cat Hair Love Fork Painting  Violin Teacher Bleach,0.8133884085966486,0.9114471674017067,0.8969786744169927,0.8447130823159784,0.991057411037481,0.8915169487537614
R_1qWXNjo0YpzLi4R,19,NA,240.108,1.2,1.2,1.2,0,0.2,0.1,5.6,4.8,5.2,6.09523809523809,4.95238095238095,6.09523809523809,89.7820391293083,10,scissors,building,cat,bike,tomato,oesophagus,mathematics,painting,space,concussion,scissors building cat bike tomato oesophagus mathematics painting space concussion,0.8840802085606743,0.9205538155297405,0.9214081852228262,0.9415556924429846,1.006052470294527,0.9347300744101507
R_2B38QTDWf8jCjTQ,18,Female,240.015,2.4,3.8,3.1,0.8,1.8,1.3,4.6,5.4,5,7,4,7,82.6133546109001,8,egg,shit,people,bottle,shoe,swanston,Ivy,wendy,Phoebe,two,egg shit people bottle shoe swanston Ivy wendy Phoebe two,0.8343263214179242,0.9197309934341426,0.9195083469208222,0.9446405630512186,0.9942511903840092,0.9224914830416233
R_2EnTAoGXdaJvBnI,20,Male,240.026,0.4,0.4,0.4,0,0.6,0.3,1,0.8,0.9,NA,NA,NA,76.2913140867438,10,Japan,coconut,anime,knife,sugar ,gun ,pen ,ball,car ,star,Japan coconut anime knife sugar  gun  pen  ball car  star,0.8209065564013144,0.9204045559319404,0.8970221671494725,0.8779294730165628,0.9810671946553124,0.8994659894309205
R_21ynwe3P7rPXMSH,20,Male,240.044,0.4,1,0.7,0,0.6,0.3,1,1,1,5,3,5,77.7523252270406,10,television,hammer ,rap,mic,song,sky, car,bridge,grass,gun,television hammer  rap mic song sky  car bridge grass gun,0.8354036058260425,0.8890037208425272,0.8944329898557627,0.8749407068873057,0.9801775319037962,0.8947917110630869
R_6u6THJQ0cW3DUs1,20,Female,240.016,2,2.6,2.3,0.6,1,0.8,2.8,3.2,3,5.64864864864865,4.32432432432432,5.64864864864865,77.8873850014948,10,food,file,pool,tiles,cap,sun,mud,flower,wind,television,food file pool tiles cap sun mud flower wind television,0.8666642986275972,0.9385910112380299,0.9200078171273259,0.8630337134938126,1.0043610321952843,0.91853157453641
R_2uX2PY5bofwxGLx,18,Female,240.069,0.4,0.6,0.5,0.2,0,0.1,1,0.8,0.9,NA,NA,NA,75.3012950576487,10,people,sugar,dog,paper,rice,door,brother,river,toilet,bag,people sugar dog paper rice door brother river toilet bag,0.76638542869764,0.9191489670866488,0.8922819136191082,0.813759726642538,0.9805087069570996,0.874416948600607
R_Xh5tcf83eh2deY9,19,Female,240.129,2.2,2.6,2.4,0,0.8,0.4,4.6,4.6,4.6,5.74468085106383,4.48936170212766,5.74468085106383,79.7687129782779,10,water,time,carrot,school,chrome,application,rocket,ink,cast,couch,water time carrot school chrome application rocket ink cast couch,0.8862759067120529,0.9346300884310741,0.9385090195058381,0.8946226050448756,0.9835554369297081,0.9275186113247098
R_3MsvX2NXRn7in5T,18,Female,481.346,0,0,0,0,0,0,1,0.8,0.9,5.77777777777778,5.07407407407407,5.77777777777778,81.6252220422029,10,Mandarin,Bag,Leg,Rock,Counter,Bus,Cough,Rubber,Oil,Line,Mandarin Bag Leg Rock Counter Bus Cough Rubber Oil Line,0.8583147856372575,0.9360620673792048,0.9162530666084854,0.8805421492889813,0.9826451101056853,0.9147634358039228
R_27flF9O9pwCB4PD,19,Male,240.076,2.2,2.4,2.3,0.6,0.6,0.6,1,1.4,1.2,4.8125,3.60416666666667,4.8125,71.7205836659386,9,window,sky,chair,building,laptop,yugurt,bag,clothes,air-conditioning,bed,window sky chair building laptop yugurt bag clothes air-conditioning bed,0.784303838663259,0.8843901984573768,0.8694909672727386,0.7692945357121936,0.9593191885470433,0.8533597457305223
R_3q8dlivl1e2gg50,19,Female,241.445,0.8,1,0.9,0,0,0,1,1,1,NA,NA,NA,65.8208773959251,10,table,chair ,pillow,food,drinks,water,beach ,sand,stars,baby,table chair  pillow food drinks water beach  sand stars baby,0.7459881781709157,0.8717744941185918,0.8661834824058001,0.7998720934987152,0.9718146917632526,0.851126587991455
R_1KrrmBr2xYcCukz,20,Male,240.024,7.6,7.8,7.7,6.6,6,6.3,16.2,14.6,15.4,5.13793103448276,3.60344827586207,5.13793103448276,91.6117266086595,8,jetski,beetle,cotton,plasma,murderers,keyboard,seconds,koala,muffin,carbon monoxide,jetski beetle cotton plasma murderers keyboard seconds koala muffin carbon monoxide,0.9051527082447458,0.8963245245565528,0.9157227117071804,0.9573701313239509,1.0023331375894289,0.9353806426843718
R_1dayvj9dpBMMebo,20,Female,240.008,0.2,0.4,0.3,0,0,0,1,1,1,NA,NA,NA,76.580641808964,10,apple,pen,shirts,rice,dog,gold,books,fire,phone,hair,apple pen shirts rice dog gold books fire phone hair,0.8333266269162761,0.9429947893283225,0.920784104402506,0.8380400090421118,1.0010232767220035,0.9072337612822441
R_3Gs92SxQIMWUq7b,19,Female,240.017,1.2,1.2,1.2,0,0,0,1.4,1.4,1.4,NA,NA,NA,76.9990619804178,10,stick,tissue,bed,leg,school,friend,reflection,meal,data,bag,stick tissue bed leg school friend reflection meal data bag,0.8308506430361263,0.9361429254282655,0.9074128632807437,0.8498707289512845,0.9896008236292272,0.9027755968651293
R_A4Cm3CkDHL6ejjH,18,Female,240.127,2,2.4,2.2,0.4,0.2,0.3,3.4,3.6,3.5,5.09090909090909,3.83636363636364,5.09090909090909,77.8221854851359,10,window,sky,pencil,calendar,charger,cream,water,banana,hair,tissue,window sky pencil calendar charger cream water banana hair tissue,0.8378734699285556,0.8992805599131841,0.9050727904129238,0.8796637735309387,0.995568423726698,0.90349180350246
R_2qEML9doPTGeYrg,19,Female,240.118,2.2,2.4,2.3,0.6,0.6,0.6,3.4,3.6,3.5,6.875,6.5,6.875,80.6200825032734,10,Spoon,Shoe,Bookshelf,Car,Screwdriver ,Bee,Dough,Coffee,Card,Plane,Spoon Shoe Bookshelf Car Screwdriver  Bee Dough Coffee Card Plane,0.8230311021726451,0.9022783428644405,0.8955007573885766,0.9122466548112972,0.9872827283586446,0.9040679171191208
R_wUiSzcc0YPDRCql,17,Female,240.02,1.8,2.2,2,0,0,0,1,1.4,1.2,6.5,5.21428571428571,6.5,77.4361604381175,10,table,sky,watermelon,book,hair,shoe,water,calendar,perfume,label,table sky watermelon book hair shoe water calendar perfume label,0.8222018670660033,0.9040218186505187,0.9009656587392812,0.8566554033613422,0.9985596125382863,0.8964808720710863
R_2WMa8Yebpd7YUxc,18,Male,240.11,3.2,4,3.6,0.6,0.8,0.7,1,1.6,1.3,5.39583333333333,4.08333333333333,5.39583333333333,83.6160447515015,9,lungs,desk,jelousy,radius,maturity,yellow,water,yell,song,leadership,lungs desk jelousy radius maturity yellow water yell song leadership,0.8975753473043422,0.941819866184257,0.9328114476936983,0.9323847848381852,1.0081352055147113,0.9425453303070388
R_3EWRkgvYBT5YaUq,20,Female,240.111,2.6,3,2.8,1.4,0.6,1,3.8,3.8,3.8,5.29824561403509,4.19298245614035,5.29824561403509,81.3674791582993,10,pie,flamingo,axe,blender,dirt,roundabout,towel,whip,mop,flame,pie flamingo axe blender dirt roundabout towel whip mop flame,0.8601297761875755,0.9029421474511437,0.9015908334116381,0.9014874483994619,0.9795389924587736,0.9091378395817186
R_3fUWh7czSzoD2Qq,18,Female,240.039,3.2,5.4,4.3,3.4,4.6,4,1,2.4,1.7,5.05263157894737,3.68421052631579,5.05263157894737,77.3489519244149,10,ball,mouse,candle,wine,garden,person,train,eyelash,painting,books,ball mouse candle wine garden person train eyelash painting books,0.857830130129098,0.9249182439802642,0.9002050592107049,0.8912970997119618,1.0054767878606765,0.9159454641785413
R_11j9xySW5axFyGC,18,Female,240.017,0.2,0.2,0.2,0,0,0,1.4,1.2,1.3,4.77777777777778,3.72222222222222,4.77777777777778,69.0481356212071,10,snacks,apartment,office,gym,refrigerator,dishwasher,window,sun,unicorn,woods,snacks apartment office gym refrigerator dishwasher window sun unicorn woods,0.814058154733495,0.8877237584152023,0.8877266804879553,0.8704600267007293,0.9718757095411743,0.8863688659757113
R_3nNVeI3PBrhdEl1,19,Female,240.113,5.6,5.2,5.4,3.4,3.4,3.4,8.8,8.4,8.6,5.57142857142857,4.40816326530612,5.57142857142857,91.2892713422133,10,present,dot,hamster,pavement,font,psychologist,aluminium,nacho,yellow,toenail,present dot hamster pavement font psychologist aluminium nacho yellow toenail,0.9066951956338882,0.9062468737251297,0.9278082688000011,0.9693151750058546,0.9988156671820437,0.9417762360693835
R_2b161aKvodf8pcF,19,Female,240.023,0.4,0.6,0.5,0.2,0,0.1,1,0.8,0.9,3,1,3,76.3238309749535,9,book,tv,pencil,statue,tea,people,fruit,plant,gas,lunchbox,book tv pencil statue tea people fruit plant gas lunchbox,0.8503096849386068,0.9208861283873836,0.9074205746444916,0.8839514417154075,0.9985127440387973,0.9122161147449374
R_30oS1xuwRN2v0Gd,19,Female,240.023,2.6,2,2.3,0,0.2,0.1,1,1.2,1.1,NA,NA,NA,77.949259873657,10,nose,mouse,circle,death,car,shelf,water,pink,titanium,plank,nose mouse circle death car shelf water pink titanium plank,0.8582760307681515,0.9123962325384736,0.924958547938592,0.88814526448892,0.988873607592986,0.9145299366654246
